-- phpMyAdmin SQL Dump
-- version 5.2.1
-- https://www.phpmyadmin.net/
--
-- Host: 127.0.0.1
-- Generation Time: Feb 10, 2025 at 09:36 PM
-- Server version: 10.4.32-MariaDB
-- PHP Version: 8.0.30

SET SQL_MODE = "NO_AUTO_VALUE_ON_ZERO";
START TRANSACTION;
SET time_zone = "+00:00";


/*!40101 SET @OLD_CHARACTER_SET_CLIENT=@@CHARACTER_SET_CLIENT */;
/*!40101 SET @OLD_CHARACTER_SET_RESULTS=@@CHARACTER_SET_RESULTS */;
/*!40101 SET @OLD_COLLATION_CONNECTION=@@COLLATION_CONNECTION */;
/*!40101 SET NAMES utf8mb4 */;

--
-- Database: `winaishabu`
--

-- --------------------------------------------------------

--
-- Table structure for table `catagory`
--

CREATE TABLE `catagory` (
  `category_id` int(11) NOT NULL,
  `category_name` varchar(255) NOT NULL,
  `description` text NOT NULL
) ENGINE=InnoDB DEFAULT CHARSET=utf8mb4 COLLATE=utf8mb4_unicode_ci;

--
-- Dumping data for table `catagory`
--

INSERT INTO `catagory` (`category_id`, `category_name`, `description`) VALUES
(1101, 'ผัก', ''),
(1102, 'เนื้อสัตว์', ''),
(1103, 'อาหารแปรรูป', ''),
(1104, 'อาหารทะเล', ''),
(1105, 'อื่นๆ', ''),
(1106, 'น้ำซุป', ''),
(1107, 'ผลไม้', ''),
(1108, 'น้ำจิ้ม', '');

-- --------------------------------------------------------

--
-- Table structure for table `employee`
--

CREATE TABLE `employee` (
  `employee_id` int(11) NOT NULL,
  `first_name` varchar(255) NOT NULL,
  `last_name` varchar(255) NOT NULL,
  `email` varchar(255) NOT NULL,
  `phone` varchar(255) NOT NULL,
  `role_id` int(11) NOT NULL,
  `created_at` timestamp NOT NULL DEFAULT current_timestamp() ON UPDATE current_timestamp()
) ENGINE=InnoDB DEFAULT CHARSET=utf8mb4 COLLATE=utf8mb4_unicode_ci;

--
-- Dumping data for table `employee`
--

INSERT INTO `employee` (`employee_id`, `first_name`, `last_name`, `email`, `phone`, `role_id`, `created_at`) VALUES
(1, 'ใจดี', 'เมตตา', 'jaidee@gmail.com', '090-0009000', 206, '2025-02-04 15:26:36'),
(2, 'ใจยักษ์', 'ใจมาร', 'jaiyuk@gmail.com', '090-0000000', 202, '2025-02-10 15:30:58');

-- --------------------------------------------------------

--
-- Table structure for table `getting_table`
--

CREATE TABLE `getting_table` (
  `getting_table_id` int(11) NOT NULL,
  `reservation_id` int(11) NOT NULL,
  `employee_id` int(11) NOT NULL,
  `package_id` int(11) NOT NULL,
  `promotion_id` int(11) NOT NULL,
  `total_amount` decimal(10,0) NOT NULL,
  `created_at` timestamp NOT NULL DEFAULT current_timestamp() ON UPDATE current_timestamp()
) ENGINE=InnoDB DEFAULT CHARSET=utf8mb4 COLLATE=utf8mb4_unicode_ci;

-- --------------------------------------------------------

--
-- Table structure for table `member`
--

CREATE TABLE `member` (
  `member_id` int(11) NOT NULL,
  `first_name` varchar(255) NOT NULL,
  `last_name` varchar(255) NOT NULL,
  `gender` enum('Female','Male') NOT NULL,
  `religion` enum('Buddhism','Islam') NOT NULL,
  `email` varchar(255) NOT NULL,
  `password_hash` varchar(255) NOT NULL,
  `birth_day` date NOT NULL,
  `phone` varchar(10) NOT NULL,
  `signup_date` timestamp NOT NULL DEFAULT current_timestamp() ON UPDATE current_timestamp()
) ENGINE=InnoDB DEFAULT CHARSET=utf8mb4 COLLATE=utf8mb4_unicode_ci;

--
-- Dumping data for table `member`
--

INSERT INTO `member` (`member_id`, `first_name`, `last_name`, `gender`, `religion`, `email`, `password_hash`, `birth_day`, `phone`, `signup_date`) VALUES
(1501, 'ดาวเรือง', 'พรศักดิ์ส่องแสง', 'Female', 'Buddhism', 'win01@email.com', '123456', '0000-00-00', '0931234567', '2025-02-10 17:30:31'),
(1502, 'ชบา', 'ชื่นชม', 'Female', 'Islam', 'ploy22@email.com', 'abc123', '0000-00-00', '0822345678', '2025-02-10 17:30:43'),
(1503, 'สมชาย', 'ไกรศักด์', 'Male', 'Islam', 'mint33@email.com', '456789', '0000-00-00', '0633456789', '2025-02-10 17:30:50'),
(1504, 'ชมพู', 'ฟ้า', 'Female', 'Islam', 'jay44@email.com', 'qwerty', '0000-00-00', '0944567890', '2025-02-10 17:30:58'),
(1505, 'วินัย', 'ทองโต', 'Male', 'Buddhism', 'nam55@email.com', 'zxcvbn', '0000-00-00', '0955678901', '2025-02-10 17:31:06'),
(1506, 'ดวงดาว', 'สพันจ์', 'Female', 'Islam', 'phoom66@email.com', '987654', '0000-00-00', '0866789012', '2025-02-10 17:31:13'),
(1507, 'สมหมาย', 'สุดหล่อ', 'Male', 'Buddhism', 'krit77@email.com', 'asdfgh', '0000-00-00', '0817890123', '2025-02-10 17:31:23'),
(1508, 'สมปอง', 'ทองสุก', 'Male', 'Islam', 'noon88@email.com', 'noon88', '0000-00-00', '0928901234', '2025-02-10 17:31:29'),
(1509, 'สมหญิง', 'สุดสวย', 'Female', 'Buddhism', 'max99@email.com', '112233', '0000-00-00', '0939012345', '2025-02-10 17:31:37'),
(1510, 'เดือนเหนือ', 'เตโชกิจ', 'Male', 'Islam', 'pat11@email.com', 'hello1', '0000-00-00', '0640123456', '2025-02-10 17:31:43'),
(1511, 'Donul', 'Trump', 'Male', 'Islam', 'ice22@email.com', 'loveu2', '0000-00-00', '0851236789', '2025-02-10 17:31:52'),
(1512, 'Ronado', 'Stampt', 'Male', 'Islam', 'ton33@email.com', 'test123', '0000-00-00', '0962347890', '2025-02-10 17:32:00'),
(1513, 'นาตารี', 'ดีงาม', 'Female', 'Buddhism', 'bell44@email.com', 'easy123', '0000-00-00', '0883458901', '2025-02-10 17:32:07'),
(1514, 'Daren', 'Smith', 'Female', 'Islam', 'zen55@email.com', 'mypass', '0000-00-00', '0894569012', '2025-02-10 17:32:15'),
(1515, 'Jeremy', 'Carck', 'Male', 'Buddhism', 'art66@email.com', '123abc', '0000-00-00', '0805670231', '2025-02-10 17:32:21');

-- --------------------------------------------------------

--
-- Table structure for table `menu_item`
--

CREATE TABLE `menu_item` (
  `menu_item_id` int(11) NOT NULL,
  `item_name` varchar(255) NOT NULL,
  `description` text NOT NULL,
  `category_id` int(11) NOT NULL,
  `price_of_cost` decimal(10,0) NOT NULL,
  `quanity` decimal(10,0) NOT NULL,
  `Num_before_consumption` int(11) NOT NULL,
  `warehouse_id` int(11) NOT NULL
) ENGINE=InnoDB DEFAULT CHARSET=utf8mb4 COLLATE=utf8mb4_unicode_ci;

--
-- Dumping data for table `menu_item`
--

INSERT INTO `menu_item` (`menu_item_id`, `item_name`, `description`, `category_id`, `price_of_cost`, `quanity`, `Num_before_consumption`, `warehouse_id`) VALUES
(1, 'ผักบุ้ง', 'ผักบุ้ง - ผักที่คัดสรรมาอย่างดี ให้ความกรอบและรสชาติอร่อย ทานกับชาบูเข้ากันสุดๆ เสิร์ฟในปริมาณ 200 กรัม ทานคู่กับน้ำจิ้ม', 1101, 24, 1000, 5, 1201),
(2, 'ต้นหอมญี่ปุ่น', 'ต้นหอมญี่ปุ่น - ผักที่คัดสรรมาอย่างดี ให้ความกรอบและรสชาติอร่อย ทานกับชาบูเข้ากันสุดๆ เสิร์ฟในปริมาณ 200 กรัม เหมาะสำหรับเพิ่มความหวานให้กับน้ำซุป.', 1101, 70, 1000, 5, 1201),
(3, 'ข้าวโพดอ่อน', 'ข้าวโพดอ่อน - ผักปลอดสาร สดสะอาด เหมาะกับการทานคู่กับเนื้อและน้ำจิ้ม เพิ่มรสสัมผัสที่ลงตัว เสิร์ฟในปริมาณ 200 กรัมเหมาะกับน้ำซุปหอมๆ และทานคู่กับเนื้อสัตว์.', 1101, 50, 1000, 5, 1201),
(4, 'กวางตุ้ง', 'กวางตุ้ง - ผักสดใหม่ คัดสรรจากแหล่งคุณภาพ เหมาะสำหรับลวกในน้ำซุปร้อนๆ ให้รสชาติหวานกรอบ เสิร์ฟในปริมาณ 200 กรัม อร่อยเมื่อจุ่มในน้ำซุปแล้วทานกับน้ำจิ้ม', 1101, 14, 1000, 5, 1201),
(5, 'ผักขึ้นฉ่าย', 'ผักขึ้นฉ่าย - ผักสดใหม่ คัดสรรจากแหล่งคุณภาพ เหมาะสำหรับลวกในน้ำซุปร้อนๆ ให้รสชาติหวานกรอบ เสิร์ฟในปริมาณ 200 กรัม  เหมาะกับน้ำซุปหอมๆ และทานคู่กับเนื้อสัตว์.', 1101, 84, 500, 5, 1201),
(6, 'ฮ่องเต้น้อย(เบบี้ฮ่องเต้)', 'ฮ่องเต้น้อย(เบบี้ฮ่องเต้) - ผักที่คัดสรรมาอย่างดี ให้ความกรอบและรสชาติอร่อย ทานกับชาบูเข้ากันสุดๆ เสิร์ฟในปริมาณ 200 กรัม อร่อยเมื่อจุ่มในน้ำซุปแล้วทานกับน้ำจิ้ม', 1101, 85, 1000, 5, 1201),
(7, 'ฟักทองญี่ปุ่น', 'ฟักทองญี่ปุ่น - ผักสดใหม่ คัดสรรจากแหล่งคุณภาพ เหมาะสำหรับลวกในน้ำซุปร้อนๆ ให้รสชาติหวานกรอบ เสิร์ฟในปริมาณ 200 กรัมอร่อยเมื่อจุ่มในน้ำซุปแล้วทานกับน้ำจิ้ม', 1101, 70, 1000, 5, 1201),
(8, 'วากาเมะเขียว', 'วากาเมะเขียว - ผักสดใหม่ คัดสรรจากแหล่งคุณภาพ เหมาะสำหรับลวกในน้ำซุปร้อนๆ ให้รสชาติหวานกรอบ เสิร์ฟในปริมาณ 100 กรัม เหมาะกับน้ำซุปหอมๆ และทานคู่กับเนื้อสัตว์.', 1101, 505, 500, 5, 1201),
(9, 'ผัดกาดขาว', 'ผัดกาดขาว - ผักปลอดสาร สดสะอาด เหมาะกับการทานคู่กับเนื้อและน้ำจิ้ม เพิ่มรสสัมผัสที่ลงตัว เสิร์ฟในปริมาณ 200 กรัมเหมาะกับน้ำซุปหอมๆ และทานคู่กับเนื้อสัตว์.', 1101, 35, 1500, 5, 1201),
(10, 'เห็ดฟาง(ขนาดกลาง)', 'เห็ดฟาง(ขนาดกลาง) - ผักสดใหม่ คัดสรรจากแหล่งคุณภาพ เหมาะสำหรับลวกในน้ำซุปร้อนๆ ให้รสชาติหวานกรอบ เสิร์ฟในปริมาณ 200 กรัม  เหมาะสำหรับเพิ่มความหวานให้กับน้ำซุป.', 1101, 80, 1000, 5, 1201),
(11, 'เห็ดหูหนู', 'เห็ดหูหนู - ผักปลอดสาร สดสะอาด เหมาะกับการทานคู่กับเนื้อและน้ำจิ้ม เพิ่มรสสัมผัสที่ลงตัว เสิร์ฟในปริมาณ 200 กรัม เหมาะกับน้ำซุปหอมๆ และทานคู่กับเนื้อสัตว์.', 1101, 60, 1000, 5, 1201),
(12, 'เห็มเข็มทอง', 'เห็มเข็มทอง - ผักที่คัดสรรมาอย่างดี ให้ความกรอบและรสชาติอร่อย ทานกับชาบูเข้ากันสุดๆ เสิร์ฟในปริมาณ 200 กรัม เหมาะสำหรับเพิ่มความหวานให้กับน้ำซุป.', 1101, 67, 1000, 5, 1201),
(13, 'ข้าวโพด(เบอร์ใหญ่)', 'ข้าวโพด(เบอร์ใหญ่) - ผักสดใหม่ คัดสรรจากแหล่งคุณภาพ เหมาะสำหรับลวกในน้ำซุปร้อนๆ ให้รสชาติหวานกรอบ เสิร์ฟในปริมาณ 200 กรัม เหมาะกับน้ำซุปหอมๆ และทานคู่กับเนื้อสัตว์.', 1101, 15, 1000, 5, 1201),
(14, 'เห็ดชิเมจิขาว', 'เห็ดชิเมจิขาว - ผักสดใหม่ คัดสรรจากแหล่งคุณภาพ เหมาะสำหรับลวกในน้ำซุปร้อนๆ ให้รสชาติหวานกรอบ เสิร์ฟในปริมาณ 200 กรัม อร่อยเมื่อจุ่มในน้ำซุปแล้วทานกับน้ำจิ้มพอนสึ.', 1101, 85, 1000, 5, 1201),
(15, 'เส้นอุด้ง', 'เส้นอุด้ง - ลูกชิ้นเนื้อแน่นเต็มคำ คัดสรรวัตถุดิบคุณภาพ เสริมรสชาติให้มื้อชาบูอร่อยยิ่งขึ้น เสิร์ฟในปริมาณ 200 กรัม เหมาะสำหรับใส่ในหม้อชาบูเพื่อเพิ่มรสชาติ.', 1103, 175, 1000, 30, 1203),
(16, 'ลูกชิ้นปิงปอง(หมู)', 'ลูกชิ้นปิงปอง(หมู) - ลูกชิ้นเนื้อแน่นเต็มคำ คัดสรรวัตถุดิบคุณภาพ เสริมรสชาติให้มื้อชาบูอร่อยยิ่งขึ้น เสิร์ฟในปริมาณ 200 กรัม เหมาะสำหรับใส่ในหม้อชาบูเพื่อเพิ่มรสชาติ.', 1103, 60, 1000, 30, 1203),
(17, 'ลูกชิ้นรักบี้(ปลา)', 'ลูกชิ้นรักบี้(ปลา) - ลูกชิ้นเนื้อแน่นเต็มคำ คัดสรรวัตถุดิบคุณภาพ เสริมรสชาติให้มื้อชาบูอร่อยยิ่งขึ้น เสิร์ฟในปริมาณ 200 กรัม  เหมาะสำหรับใส่ในหม้อชาบูเพื่อเพิ่มรสชาติ.', 1103, 87, 1000, 30, 1203),
(18, 'ฟองเต้าหู้ม้วนห่อสาหร่าย', 'ฟองเต้าหู้ม้วนห่อสาหร่าย  ปรุงรสมาอย่างดี ลวกในน้ำซุปแล้วรสชาติกลมกล่อม เสิร์ฟในปริมาณ 100 กรัม  ทานคู่กับผักสดและน้ำซุปเข้มข้นเพื่อรสชาติที่ลงตัว.', 1103, 79, 120, 30, 1203),
(19, 'คริสตัลไข่ปลา', 'คริสตัลไข่ปลา ปรุงรสมาอย่างดี ลวกในน้ำซุปแล้วรสชาติกลมกล่อม เสิร์ฟในปริมาณ 200 กรัม ทานคู่กับผักสดและน้ำซุปเข้มข้นเพื่อรสชาติที่ลงตัว.', 1103, 129, 500, 30, 1203),
(20, 'ลูกชิ้นกุ้ง', 'ลูกชิ้นกุ้ง - ลูกชิ้นเด้งๆ สูตรเฉพาะ นำไปลวกแล้วเพิ่มรสสัมผัสที่กรุบกรอบ เสิร์ฟในปริมาณ 200 กรัม  ทานคู่กับผักสดและน้ำซุปเข้มข้นเพื่อรสชาติที่ลงตัว.', 1103, 68, 500, 30, 1203),
(21, 'บะหมี่หยกไต้หวัน', 'บะหมี่หยกไต้หวัน  ปรุงรสมาอย่างดี ลวกในน้ำซุปแล้วรสชาติกลมกล่อม เสิร์ฟในปริมาณ 200 กรัม ทานคู่กับผักสดและน้ำซุปเข้มข้นเพื่อรสชาติที่ลงตัว.', 1103, 32, 500, 30, 1203),
(22, 'ซาลาเปาหมูแดง 37 g/15 ลูก', 'ซาลาเปาหมูแดง 37 g/15 ลูก เสิร์ฟในปริมาณ 4 ลูกช่วยเพิ่มรสชาติให้มื้อชาบูด้วยสัมผัสที่แตกต่าง.', 1105, 135, 555, 10, 1206),
(23, 'ซาลาเปาหมูสับ37 g/15 ลูก', 'ซาลาเปาหมูสับ37 g/15 ลูก  เสิร์ฟในปริมาณ 4 ลูก ช่วยเพิ่มรสชาติให้มื้อชาบูด้วยสัมผัสที่แตกต่าง.', 1105, 135, 555, 10, 1206),
(24, 'ซาลาเปาไส้ครีม37 g/15 ลูก', 'ซาลาเปาไส้ครีม37 g/15 ลูก เสิร์ฟในปริมาณ 4 ลูก  เหมาะสำหรับทานคู่กับน้ำซุปเข้มข้น.', 1105, 130, 555, 10, 1206),
(25, 'ซาลาเปาไส้ถั่วดำ34.6875g/16 ลูก', 'ซาลาเปาไส้ถั่วดำ34.6875g/16 ลูกเสิร์ฟในปริมาณ 4 ลูก ลวกในน้ำซุปแล้วทานกับเนื้อหรือผักเพื่อรสชาติที่สมบูรณ์.', 1105, 139, 555, 10, 1206),
(26, 'ขนมจีบหมู 16g/40 ชิ้น', 'ขนมจีบหมู 16g/40 ชิ้น เสิร์ฟในปริมาณ 5 ลูก เหมาะสำหรับทานคู่กับน้ำซุปเข้มข้น.', 1105, 159, 640, 10, 1206),
(27, 'ฮะเก๋า 18 g/24ชิ้น', 'ฮะเก๋า 18 g/24ชิ้น เสิร์ฟในปริมาณ5 ลูก ลวกในน้ำซุปแล้วทานกับเนื้อหรือผักเพื่อรสชาติที่สมบูรณ์.', 1105, 179, 432, 10, 1206),
(28, 'เผือกทอด(เผือกหอม – เบอร์ใหญ่)', 'เผือกทอด(เผือกหอม – เบอร์ใหญ่) เสิร์ฟในปริมาณ 200 กรัม  ช่วยเพิ่มรสชาติให้มื้อชาบูด้วยสัมผัสที่แตกต่าง.', 1105, 65, 1000, 10, 1206),
(29, 'ปอเปี๊ยะทอด 14.86g/28 ชิ้น', 'ปอเปี๊ยะทอด 14.86g/28 ชิ้นเสิร์ฟในปริมาณ 4 ลูก ลวกในน้ำซุปแล้วทานกับเนื้อหรือผักเพื่อรสชาติที่สมบูรณ์.', 1105, 35, 500, 10, 1206),
(30, 'ขนมจีบกุ้ง16 g/30 ชิ้น', 'ขนมจีบกุ้ง16 g/30 ชิ้น เสิร์ฟในปริมาณ5ลูกช่วยเพิ่มรสชาติให้มื้อชาบูด้วยสัมผัสที่แตกต่าง.', 1105, 189, 480, 10, 1206),
(31, 'ขนมจีบปู16 g/30 ชิ้น', 'ขนมจีบปู16 g/30 ชิ้นเสิร์ฟในปริมาณ 5ลูก เหมาะสำหรับทานคู่กับน้ำซุปเข้มข้น.', 1105, 195, 480, 10, 1206),
(32, 'เฟรนฟราย', 'เฟรนฟราย  เสิร์ฟในปริมาณ 200 กรัม เหมาะสำหรับทานคู่กับน้ำซุปเข้มข้น.', 1105, 63, 1000, 10, 1206),
(33, 'เสี่ยวหลงเปาไส้หมู30g/15ชิ้น', 'เสี่ยวหลงเปาไส้หมู30g/15ชิ้น  เสิร์ฟในปริมาณ 2ลูก ช่วยเพิ่มรสชาติให้มื้อชาบูด้วยสัมผัสที่แตกต่าง.', 1105, 120, 450, 10, 1206),
(34, 'น้ำแร่(มงเฟอ)1000ml/6 ขวด', 'น้ำแร่(มงเฟอ)1000ml/6 ขวดเสิร์ฟในปริมาณ 0.5 กรัม', 1105, 85, 6000, 10, 1206),
(35, 'น้ำเก๊กฮวย350 ml/6ขวด', 'น้ำเก๊กฮวย350 ml/6ขวด เสิร์ฟในปริมาณ 0.5 กรัม', 1105, 71, 2100, 10, 1206),
(36, 'น้ำอัดลม(แฟนต้า,โค้ก,สไปร,เป๊ปซี่)1250 ml/12ขวด', 'น้ำอัดลม(แฟนต้า,โค้ก,สไปร,เป๊ปซี่)1250 ml/12ขวด เสิร์ฟในปริมาณ 0.5 กรัม', 1105, 20, 15000, 10, 1206),
(37, 'ชาเขียวรสน้ำผึ้งมะนาว 500 ml/6ขวด', 'ชาเขียวรสน้ำผึ้งมะนาว 500 ml/6ขวดเสิร์ฟในปริมาณ 0.5 กรัม', 1105, 30, 12000, 10, 1206),
(38, 'น้ำชาเขียว รสแตงโม360ml/6ขวด', 'น้ำชาเขียว รสแตงโม360ml/6ขวด เสิร์ฟในปริมาณ 0.5 กรัม', 1105, 30, 2160, 10, 1206),
(39, 'น้ำส้ม', 'น้ำส้ม เสิร์ฟในปริมาณ 0.5 กรัม', 1105, 289, 5000, 10, 1206),
(40, 'น้ำมะพร้าว 360ml/6ขวด', 'น้ำมะพร้าว 360ml/6ขวด เสิร์ฟในปริมาณ 0.5 กรัม', 1105, 129, 2160, 10, 1206),
(41, 'ชานมไข่มุก 230ml/4ขวด', 'ชานมไข่มุก 230ml/4ขวด เสิร์ฟในปริมาณ 0.5 กรัม', 1105, 85, 920, 10, 1206),
(42, 'ทับทิมกรอบมะพร้าวอ่อน160g/4ถุง', 'ทับทิมกรอบมะพร้าวอ่อน160g/4ถุง  เสิร์ฟในปริมาณ 60 กรัม', 1105, 140, 640, 10, 1206),
(43, 'บัวลอย (ร้อน)160g/4ถุง', 'บัวลอย (ร้อน)160g/4ถุง  เสิร์ฟในปริมาณ 60 กรัม ', 1105, 115, 640, 10, 1206),
(44, 'บัวลอยน้ำขิง140g/4ถุง', 'บัวลอยน้ำขิง140g/4ถุงๆ เสิร์ฟในปริมาณ 60 กรัม', 1105, 140, 560, 10, 1206),
(45, 'บัวลอยไส้มันม่วง16g/30ชิ้น', 'บัวลอยไส้มันม่วง16g/30ชิ้น เสิร์ฟในปริมาณ 60 กรัม ', 1105, 170, 480, 10, 1206),
(46, 'แตงโม(ซอนญ่า) 1ลูก', 'แตงโม(ซอนญ่า) 1ลูก - ผลไม้สด หวานฉ่ำ เหมาะสำหรับทานปิดท้ายมื้อชาบูเพื่อเพิ่มความสดชื่น เสิร์ฟในปริมาณ 200 กรัม', 1107, 137, 3000, 7, 1205),
(47, 'แอปเปิ้ล(แดงฟูจิเบอร์ 125)4-8ลูก', 'แอปเปิ้ล(แดงฟูจิเบอร์ 125)4-8ลูก - ผลไม้คัดพิเศษ รสชาติกลมกล่อม เหมาะกับการล้างปากหลังทานอาหาร เสิร์ฟในปริมาณ 200 กรัม', 1107, 102, 500, 7, 1205),
(48, 'กล้วย(น้ำว้าห่ามปนสุก) 1 หวี', 'กล้วย(น้ำว้าห่ามปนสุก) 1 หวี - ผลไม้สด หวานฉ่ำ เหมาะสำหรับทานปิดท้ายมื้อชาบูเพื่อเพิ่มความสดชื่น เสิร์ฟในปริมาณ 200 กรัม', 1107, 35, 700, 7, 1205),
(49, 'กีวี่ เขียว(NewZealand) 27 ลูก', 'กีวี่ เขียว(NewZealand) 27 ลูก - ผลไม้ตามฤดูกาล สดใหม่จากสวน รสชาติหวานธรรมชาติ เสิร์ฟในปริมาณ 200 กรัม', 1107, 1000, 10500, 7, 1205),
(50, 'ทับทิม(แบล็คไดมอนด์)', 'ทับทิม(แบล็คไดมอนด์) - ผลไม้ตามฤดูกาล สดใหม่จากสวน รสชาติหวานธรรมชาติ เสิร์ฟในปริมาณ 200 กรัม', 1107, 119, 1000, 7, 1205),
(51, 'สับประรด(ปัตตาเวีย) 5 ลูก', 'สับประรด(ปัตตาเวีย) 5 ลูก - ผลไม้สด หวานฉ่ำ เหมาะสำหรับทานปิดท้ายมื้อชาบูเพื่อเพิ่มความสดชื่น เสิร์ฟในปริมาณ 200 กรัม', 1107, 215, 1000, 7, 1205),
(52, 'แคนตาลูป(ซันเลดี้ )1ลูก', 'แคนตาลูป(ซันเลดี้ )1ลูก - ผลไม้สด หวานฉ่ำ เหมาะสำหรับทานปิดท้ายมื้อชาบูเพื่อเพิ่มความสดชื่น เสิร์ฟในปริมาณ 200 กรัม', 1107, 79, 1200, 7, 1205),
(53, 'แก้วมังกร(เนื้อแดง )', 'แก้วมังกร(เนื้อแดง ) - ผลไม้ตามฤดูกาล สดใหม่จากสวน รสชาติหวานธรรมชาติ เสิร์ฟในปริมาณ 200 กรัม', 1107, 210, 2000, 7, 1205),
(54, 'ส้ม(ซันควิกซ์)', 'ส้ม(ซันควิกซ์) - ผลไม้สด หวานฉ่ำ เหมาะสำหรับทานปิดท้ายมื้อชาบูเพื่อเพิ่มความสดชื่น เสิร์ฟในปริมาณ 200 กรัม ', 1107, 220, 2000, 7, 1205),
(55, 'หมูนุ่มโรยงา', 'หมูนุ่มโรยงา - เนื้อสัตว์สดใหม่ คัดพิเศษ ลวกแค่ไม่กี่วินาทีในน้ำซุปก็พร้อมละลายในปาก เสิร์ฟในปริมาณ 100 กรัม ', 1102, 70, 5000, 3, 1202),
(56, 'สันคอหมูสไลซ์', 'สันคอหมูสไลซ์ - เนื้อสัตว์สดใหม่ คัดพิเศษ ลวกแค่ไม่กี่วินาทีในน้ำซุปก็พร้อมละลายในปาก เสิร์ฟในปริมาณ 100 กรัม ', 1102, 189, 1000, 3, 1202),
(57, 'สันคอคุโรบูตะสไลซ์', 'สันคอคุโรบูตะสไลซ์ - เนื้อคุณภาพระดับพรีเมียม สไลซ์บางกำลังดี เมื่อลวกในน้ำซุปจะให้รสชาติที่นุ่มละมุน เสิร์ฟในปริมาณ 100 กรัม ', 1102, 987, 3000, 3, 1202),
(58, 'สามชั้นสไลซ์', 'สามชั้นสไลซ์ - เนื้อสัตว์สดใหม่ คัดพิเศษ ลวกแค่ไม่กี่วินาทีในน้ำซุปก็พร้อมละลายในปาก เสิร์ฟในปริมาณ 100 กรัม', 1102, 198, 1000, 3, 1202),
(59, 'หมูบะช่อทรงเครื่อง', 'หมูบะช่อทรงเครื่อง - เนื้อคุณภาพระดับพรีเมียม สไลซ์บางกำลังดี เมื่อลวกในน้ำซุปจะให้รสชาติที่นุ่มละมุน เสิร์ฟในปริมาณ 100 กรัม ', 1102, 139, 1000, 3, 1202),
(60, 'แมงกะพรุน', 'แมงกะพรุน - กุ้งสดตัวโต หวานกรอบ เมื่อลวกแล้วเนื้อแน่น เด้งอร่อย เสิร์ฟในปริมาณ 100 กรัม ', 1104, 125, 1000, 2, 1204),
(61, 'หอยเป๋าฮื้อ 60g/1ตัว', 'หอยเป๋าฮื้อ 60g/1ตัว - กุ้งสดตัวโต หวานกรอบ เมื่อลวกแล้วเนื้อแน่น เด้งอร่อย เสิร์ฟในปริมาณ 100 กรัม ', 1104, 1500, 1000, 2, 1204),
(62, 'เนื้อปลาแพนกาเซียสดอลลี่', 'เนื้อปลาแพนกาเซียสดอลลี่ - ปลาหมึกสด หวานธรรมชาติ เมื่อลวกในน้ำซุปแล้วจะให้รสสัมผัสหนึบหนับ เสิร์ฟในปริมาณ 100 กรัม ', 1104, 75, 1000, 2, 1204),
(63, 'ปลาหมึกสด', 'ปลาหมึกสด - กุ้งสดตัวโต หวานกรอบ เมื่อลวกแล้วเนื้อแน่น เด้งอร่อย เสิร์ฟในปริมาณ 100 กรัม ', 1104, 149, 800, 2, 1204),
(64, 'เนื้อกุ้งขาว', 'เนื้อกุ้งขาว - อาหารทะเลสดใหม่ คัดจากแหล่งคุณภาพ เมื่อลวกในน้ำซุปให้รสชาติที่หอมหวานจากทะเล เสิร์ฟในปริมาณ 100 กรัม ', 1104, 225, 1000, 2, 1204),
(65, 'หอยแมลงภู่นิวซีแลนด์', 'หอยแมลงภู่นิวซีแลนด์ - อาหารทะเลสดใหม่ คัดจากแหล่งคุณภาพ เมื่อลวกในน้ำซุปให้รสชาติที่หอมหวานจากทะเล เสิร์ฟในปริมาณ 100 กรัม ', 1104, 329, 1000, 2, 1204),
(67, 'เนื้อบริสเกต AUS สไลซ์', 'เนื้อบริสเกต AUS สไลซ์ - เนื้อชั้นดี คัดจากส่วนที่มีไขมันแทรกกำลังดี เมื่อลวกแล้วให้รสชาติเข้มข้น เสิร์ฟในปริมาณ 100 กรัม ', 1102, 550, 1000, 3, 1202),
(68, 'เนื้อนำเข้าสันคอวัว Australia สไลซ์', 'เนื้อนำเข้าสันคอวัว Australia สไลซ์ - เนื้อสัตว์สดใหม่ คัดพิเศษ ลวกแค่ไม่กี่วินาทีในน้ำซุปก็พร้อมละลายในปาก เสิร์ฟในปริมาณ 100 กรัม ', 1102, 289, 500, 3, 1202),
(69, 'เนื้อวัวอเมริกาส่วนพื้นท้องสไลด์', 'เนื้อวัวอเมริกาส่วนพื้นท้องสไลด์ - เนื้อชั้นดี คัดจากส่วนที่มีไขมันแทรกกำลังดี เมื่อลวกแล้วให้รสชาติเข้มข้น เสิร์ฟในปริมาณ 100 กรัม', 1102, 830, 1000, 3, 1202),
(70, 'เนื้อพื้นท้องวัวออสเตรเลียสไลซ์แช่แข็ง', 'เนื้อพื้นท้องวัวออสเตรเลียสไลซ์แช่แข็ง - เนื้อสัตว์สดใหม่ คัดพิเศษ ลวกแค่ไม่กี่วินาทีในน้ำซุปก็พร้อมละลายในปาก เสิร์ฟในปริมาณ 100 กรัม', 1102, 289, 500, 3, 1202),
(71, 'เนื้อวากิวญี่ปุ่น A4', 'เนื้อวากิวญี่ปุ่น A4 - เนื้อสัตว์สดใหม่ คัดพิเศษ ลวกแค่ไม่กี่วินาทีในน้ำซุปก็พร้อมละลายในปาก เสิร์ฟในปริมาณ 100 กรัม', 1102, 2950, 1000, 3, 1202),
(72, 'เนื้อวากิวญี่ปุ่น A5', 'เนื้อวากิวญี่ปุ่น A5 - เนื้อชั้นดี คัดจากส่วนที่มีไขมันแทรกกำลังดี เมื่อลวกแล้วให้รสชาติเข้มข้น เสิร์ฟในปริมาณ 100 กรัม ', 1102, 3750, 1000, 3, 1202),
(73, 'น้ำซุปน้ำดำ', 'น้ำซุปน้ำดำ - น้ำซุปที่ผ่านการเคี่ยวนานหลายชั่วโมง หอมลึกซึ้ง และช่วยเพิ่มรสชาติให้กับทุกวัตถุดิบ เสิร์ฟในปริมาณ 600 กรัม ', 1106, 45, 300, 5, 1207),
(74, 'น้ำซุปหมาล่า', 'น้ำซุปหมาล่า - น้ำซุปที่ผ่านการเคี่ยวนานหลายชั่วโมง หอมลึกซึ้ง และช่วยเพิ่มรสชาติให้กับทุกวัตถุดิบ เสิร์ฟในปริมาณ 600 กรัม ', 1106, 55, 300, 5, 1207),
(75, 'น้ำซุปน้ำใส', 'น้ำซุปน้ำใส - น้ำซุปกลมกล่อม เคี่ยวจากวัตถุดิบคุณภาพ เหมาะสำหรับลวกเนื้อและผัก เสิร์ฟในปริมาณ 600 กรัม', 1106, 45, 300, 5, 1207),
(76, 'น้ำซุปน้ำใส', 'น้ำซุปน้ำใส - น้ำซุปที่ผ่านการเคี่ยวนานหลายชั่วโมง หอมลึกซึ้ง และช่วยเพิ่มรสชาติให้กับทุกวัตถุดิบ เสิร์ฟในปริมาณ 600 กรัม', 1106, 45, 300, 5, 1207),
(77, 'น้ำจิ้มสุกกี้(พันท้าย)', 'น้ำจิ้มสุกกี้(พันท้าย) - น้ำจิ้มพอนสึรสเปรี้ยวเค็มหวาน ช่วยเสริมรสชาติของเนื้อให้โดดเด่น เสิร์ฟในปริมาณ 45 กรัม ', 1108, 98, 800, 15, 1208),
(78, 'น้ำจิ้ิ้มซีฟู๊ด', 'น้ำจิ้ิ้มซีฟู๊ด - น้ำจิ้มพอนสึรสเปรี้ยวเค็มหวาน ช่วยเสริมรสชาติของเนื้อให้โดดเด่น เสิร์ฟในปริมาณ 45 กรัม', 1108, 59, 335, 15, 1208),
(79, 'น้ำจิ้มงา', 'น้ำจิ้มงา - น้ำจิ้มสุกี้สูตรเข้มข้น รสชาติกลมกล่อม เพิ่มความอร่อยให้กับชาบู เสิร์ฟในปริมาณ 45 กรัม', 1108, 152, 850, 15, 1208),
(80, 'พริกยอดสนแดง', 'พริกยอดสนแดง - น้ำจิ้มสุกี้สูตรเข้มข้น รสชาติกลมกล่อม เพิ่มความอร่อยให้กับชาบู เสิร์ฟในปริมาณ 15 กรัม', 1108, 50, 1000, 15, 1208),
(81, 'กระเทียม', 'กระเทียม - น้ำจิ้มงาหอมมัน ผสมงาคั่วและเครื่องปรุงพิเศษ เสริมรสชาติให้เนื้อและผักอร่อยยิ่งขึ้น เสิร์ฟในปริมาณ 15 กรัม', 1108, 70, 1000, 15, 1208),
(82, 'มะนาว (ml) 3 ขวด', 'มะนาว (ml) 3 ขวด - น้ำจิ้มพอนสึรสเปรี้ยวเค็มหวาน ช่วยเสริมรสชาติของเนื้อให้โดดเด่น เสิร์ฟในปริมาณ 30 กรัม ', 1108, 69, 3000, 15, 1208);

-- --------------------------------------------------------

--
-- Table structure for table `menu_selection`
--

CREATE TABLE `menu_selection` (
  `select_menu_id` int(11) NOT NULL,
  `getting_table_id` int(11) NOT NULL,
  `created_at` timestamp NOT NULL DEFAULT current_timestamp() ON UPDATE current_timestamp()
) ENGINE=InnoDB DEFAULT CHARSET=utf8mb4 COLLATE=utf8mb4_unicode_ci;

-- --------------------------------------------------------

--
-- Table structure for table `notification`
--

CREATE TABLE `notification` (
  `Notification` int(11) NOT NULL,
  `payment_verification_id` int(11) NOT NULL,
  `Notification_name` varchar(255) NOT NULL,
  `Notification_status_id` int(11) NOT NULL,
  `creat_at` timestamp NOT NULL DEFAULT current_timestamp() ON UPDATE current_timestamp()
) ENGINE=InnoDB DEFAULT CHARSET=utf8mb4 COLLATE=utf8mb4_unicode_ci;

-- --------------------------------------------------------

--
-- Table structure for table `notification_order`
--

CREATE TABLE `notification_order` (
  `notifine_order_id` int(11) NOT NULL,
  `select_item_id` int(11) NOT NULL,
  `created_at` timestamp NOT NULL DEFAULT current_timestamp() ON UPDATE current_timestamp()
) ENGINE=InnoDB DEFAULT CHARSET=utf8mb4 COLLATE=utf8mb4_unicode_ci;

-- --------------------------------------------------------

--
-- Table structure for table `notification_status`
--

CREATE TABLE `notification_status` (
  `notification_status_id` int(11) NOT NULL,
  `Notification_status_name` varchar(255) NOT NULL
) ENGINE=InnoDB DEFAULT CHARSET=utf8mb4 COLLATE=utf8mb4_unicode_ci;

--
-- Dumping data for table `notification_status`
--

INSERT INTO `notification_status` (`notification_status_id`, `Notification_status_name`) VALUES
(1700, 'read'),
(1701, 'unread');

-- --------------------------------------------------------

--
-- Table structure for table `order`
--

CREATE TABLE `order` (
  `order_id` int(11) NOT NULL,
  `notification_orders_id` int(11) NOT NULL,
  `order_date` timestamp NOT NULL DEFAULT current_timestamp() ON UPDATE current_timestamp(),
  `status` enum('in_progress','complete','','') NOT NULL
) ENGINE=InnoDB DEFAULT CHARSET=utf8mb4 COLLATE=utf8mb4_unicode_ci;

-- --------------------------------------------------------

--
-- Table structure for table `package`
--

CREATE TABLE `package` (
  `package_id` int(11) NOT NULL,
  `package_name` varchar(255) NOT NULL
) ENGINE=InnoDB DEFAULT CHARSET=utf8mb4 COLLATE=utf8mb4_unicode_ci;

--
-- Dumping data for table `package`
--

INSERT INTO `package` (`package_id`, `package_name`) VALUES
(701, 'แพ็กเกจหมู'),
(702, 'แพ็กเกจเนื้อ'),
(703, 'แพ็กเกจทะเล'),
(704, 'แพ็กเกจมังสวิรัติ'),
(705, 'แพ็กเกจรวม');

-- --------------------------------------------------------

--
-- Table structure for table `package_item`
--

CREATE TABLE `package_item` (
  `package_item_id` int(11) NOT NULL,
  `package_id` int(11) NOT NULL,
  `menu_item_id` int(11) NOT NULL,
  `description` text NOT NULL,
  `price` int(11) NOT NULL,
  `is_active` tinyint(1) NOT NULL,
  `created_at` timestamp NOT NULL DEFAULT current_timestamp() ON UPDATE current_timestamp()
) ENGINE=InnoDB DEFAULT CHARSET=utf8mb4 COLLATE=utf8mb4_unicode_ci;

--
-- Dumping data for table `package_item`
--

INSERT INTO `package_item` (`package_item_id`, `package_id`, `menu_item_id`, `description`, `price`, `is_active`, `created_at`) VALUES
(1401, 701, 1, '', 0, 0, '2025-02-10 17:01:34'),
(1402, 701, 2, '', 0, 0, '2025-02-10 17:01:34'),
(1403, 701, 3, '', 0, 0, '2025-02-10 17:09:49'),
(1404, 701, 4, '', 0, 0, '2025-02-10 17:09:49'),
(1405, 701, 5, '', 0, 0, '2025-02-10 17:09:49'),
(1406, 701, 6, '', 0, 0, '2025-02-10 17:09:49'),
(1407, 701, 7, '', 0, 0, '2025-02-10 17:09:49'),
(1408, 701, 8, '', 0, 0, '2025-02-10 17:09:49'),
(1409, 701, 9, '', 0, 0, '2025-02-10 17:09:49'),
(1410, 701, 10, '', 0, 0, '2025-02-10 17:09:49'),
(1411, 701, 11, '', 0, 0, '2025-02-10 17:09:49'),
(1412, 701, 12, '', 0, 0, '2025-02-10 17:09:49'),
(1413, 701, 13, '', 0, 0, '2025-02-10 17:09:49'),
(1414, 701, 14, '', 0, 0, '2025-02-10 17:09:49'),
(1415, 701, 15, '', 0, 0, '2025-02-10 17:09:49'),
(1416, 701, 16, '', 0, 0, '2025-02-10 17:09:49'),
(1417, 701, 17, '', 0, 0, '2025-02-10 17:26:25'),
(1418, 701, 18, '', 0, 0, '2025-02-10 17:26:25'),
(1419, 704, 19, '', 0, 0, '2025-02-10 17:29:13'),
(1420, 701, 20, '', 0, 0, '2025-02-10 17:29:13'),
(1421, 701, 21, '', 0, 0, '2025-02-10 17:29:13'),
(1422, 701, 22, '', 0, 0, '2025-02-10 17:29:13'),
(1423, 701, 23, '', 0, 0, '2025-02-10 17:29:13'),
(1424, 701, 24, '', 0, 0, '2025-02-10 17:29:13'),
(1425, 701, 25, '', 0, 0, '2025-02-10 17:29:13'),
(1426, 701, 26, '', 0, 0, '2025-02-10 17:29:13'),
(1427, 701, 27, '', 0, 0, '2025-02-10 17:29:13'),
(1428, 701, 28, '', 0, 0, '2025-02-10 17:29:13'),
(1429, 701, 29, '', 0, 0, '2025-02-10 17:52:22'),
(1430, 701, 30, '', 0, 0, '2025-02-10 17:52:22'),
(1431, 701, 31, '', 0, 0, '2025-02-10 17:52:22'),
(1432, 701, 32, '', 0, 0, '2025-02-10 17:52:22'),
(1433, 701, 33, '', 0, 0, '2025-02-10 17:52:22'),
(1434, 701, 34, '', 0, 0, '2025-02-10 17:52:22'),
(1435, 701, 35, '', 0, 0, '2025-02-10 17:52:22'),
(1436, 701, 36, '', 0, 0, '2025-02-10 17:52:22'),
(1437, 701, 37, '', 0, 0, '2025-02-10 17:52:22'),
(1438, 701, 38, '', 0, 0, '2025-02-10 17:52:22'),
(1439, 701, 39, '', 0, 0, '2025-02-10 17:56:03'),
(1440, 701, 40, '', 0, 0, '2025-02-10 17:56:03'),
(1441, 701, 41, '', 0, 0, '2025-02-10 17:56:03'),
(1442, 701, 42, '', 0, 0, '2025-02-10 17:56:03'),
(1443, 701, 43, '', 0, 0, '2025-02-10 17:56:03'),
(1444, 701, 44, '', 0, 0, '2025-02-10 17:56:03'),
(1445, 701, 45, '', 0, 0, '2025-02-10 17:56:03'),
(1446, 701, 46, '', 0, 0, '2025-02-10 17:56:03'),
(1447, 701, 47, '', 0, 0, '2025-02-10 17:56:03'),
(1448, 701, 48, '', 0, 0, '2025-02-10 17:56:03'),
(1449, 705, 49, '', 0, 0, '2025-02-10 17:58:55'),
(1450, 701, 50, '', 0, 0, '2025-02-10 17:58:55'),
(1451, 701, 51, '', 0, 0, '2025-02-10 17:58:55'),
(1452, 701, 52, '', 0, 0, '2025-02-10 17:58:55'),
(1453, 701, 53, '', 0, 0, '2025-02-10 17:58:55'),
(1454, 701, 54, '', 0, 0, '2025-02-10 17:58:55'),
(1455, 701, 55, '', 0, 0, '2025-02-10 17:58:55'),
(1456, 701, 56, '', 0, 0, '2025-02-10 17:58:55'),
(1457, 701, 57, '', 0, 0, '2025-02-10 17:58:55'),
(1458, 701, 58, '', 0, 0, '2025-02-10 17:58:55'),
(1459, 701, 59, '', 0, 0, '2025-02-10 17:58:55');

-- --------------------------------------------------------

--
-- Table structure for table `payment`
--

CREATE TABLE `payment` (
  `payment_id` int(11) NOT NULL,
  `getting_table_id` int(11) NOT NULL,
  `payment_method` enum('QR prompay','credit') NOT NULL,
  `payment_timestamp` timestamp NOT NULL DEFAULT current_timestamp() ON UPDATE current_timestamp(),
  `promotion_id` int(11) NOT NULL,
  `total_payment` int(11) NOT NULL
) ENGINE=InnoDB DEFAULT CHARSET=utf8mb4 COLLATE=utf8mb4_unicode_ci;

-- --------------------------------------------------------

--
-- Table structure for table `payment_verificatio`
--

CREATE TABLE `payment_verificatio` (
  `payment_verification_id` int(11) NOT NULL,
  `payment_id` int(11) NOT NULL,
  `approve` enum('completed','pending','failed') NOT NULL,
  `created_at` timestamp NOT NULL DEFAULT current_timestamp() ON UPDATE current_timestamp()
) ENGINE=InnoDB DEFAULT CHARSET=utf8mb4 COLLATE=utf8mb4_unicode_ci;

-- --------------------------------------------------------

--
-- Table structure for table `promotion`
--

CREATE TABLE `promotion` (
  `promotion_id` int(11) NOT NULL,
  `promotions_name` varchar(255) NOT NULL,
  `description` text NOT NULL,
  `discount_type` enum('persentage','fixed_amount') NOT NULL,
  `discount_value` decimal(10,2) NOT NULL,
  `start_date` int(11) NOT NULL,
  `end_date` int(11) NOT NULL,
  `status` enum('active','expired') NOT NULL,
  `created_at` timestamp NOT NULL DEFAULT current_timestamp() ON UPDATE current_timestamp(),
  `updated_at` timestamp NOT NULL DEFAULT current_timestamp() ON UPDATE current_timestamp(),
  `quantity` int(11) NOT NULL
) ENGINE=InnoDB DEFAULT CHARSET=utf8mb4 COLLATE=utf8mb4_unicode_ci;

-- --------------------------------------------------------

--
-- Table structure for table `rating`
--

CREATE TABLE `rating` (
  `rating_id` int(11) NOT NULL,
  `rating_name` tinytext NOT NULL
) ENGINE=InnoDB DEFAULT CHARSET=utf8mb4 COLLATE=utf8mb4_unicode_ci;

--
-- Dumping data for table `rating`
--

INSERT INTO `rating` (`rating_id`, `rating_name`) VALUES
(1, 'น้อยมาก'),
(2, 'น้อย'),
(3, 'พอใช้'),
(4, 'ดี'),
(5, 'ดีมาก');

-- --------------------------------------------------------

--
-- Table structure for table `receipt`
--

CREATE TABLE `receipt` (
  `receipt_id` int(11) NOT NULL,
  `payment_verification_id` int(11) NOT NULL,
  `employee_id` int(11) NOT NULL,
  `created_at` timestamp NOT NULL DEFAULT current_timestamp() ON UPDATE current_timestamp()
) ENGINE=InnoDB DEFAULT CHARSET=utf8mb4 COLLATE=utf8mb4_unicode_ci;

-- --------------------------------------------------------

--
-- Table structure for table `reservation`
--

CREATE TABLE `reservation` (
  `reservation_id` int(11) NOT NULL,
  `first_name` varchar(255) NOT NULL,
  `last_name` varchar(255) NOT NULL,
  `number_of_guest` int(11) NOT NULL,
  `status` enum('Comfirm','Cancel') NOT NULL,
  `time_update` timestamp NOT NULL DEFAULT current_timestamp() ON UPDATE current_timestamp(),
  `availability_id` int(11) NOT NULL
) ENGINE=InnoDB DEFAULT CHARSET=utf8mb4 COLLATE=utf8mb4_unicode_ci;

--
-- Triggers `reservation`
--
DELIMITER $$
CREATE TRIGGER `before_insert_reservation` BEFORE INSERT ON `reservation` FOR EACH ROW BEGIN
    SET NEW.reservation_id = LPAD(FLOOR(RAND() * 1000000), 6, '0');
END
$$
DELIMITER ;

-- --------------------------------------------------------

--
-- Table structure for table `review`
--

CREATE TABLE `review` (
  `review_id` int(11) NOT NULL,
  `receipt_id` int(11) NOT NULL,
  `comment_text` text NOT NULL,
  `tag_id` int(11) NOT NULL,
  `created_at` timestamp NOT NULL DEFAULT current_timestamp() ON UPDATE current_timestamp()
) ENGINE=InnoDB DEFAULT CHARSET=utf8mb4 COLLATE=utf8mb4_unicode_ci;

-- --------------------------------------------------------

--
-- Table structure for table `role`
--

CREATE TABLE `role` (
  `role_id` int(11) NOT NULL,
  `role_name` tinytext NOT NULL,
  `description` text NOT NULL,
  `permissions` longtext CHARACTER SET utf8mb4 COLLATE utf8mb4_bin NOT NULL CHECK (json_valid(`permissions`))
) ENGINE=InnoDB DEFAULT CHARSET=utf8mb4 COLLATE=utf8mb4_unicode_ci;

--
-- Dumping data for table `role`
--

INSERT INTO `role` (`role_id`, `role_name`, `description`, `permissions`) VALUES
(201, 'พนักงานทำความสะอาด', '00', '[\"clean_areas\", \"dispose_trash\"]'),
(202, 'พนักงานเสิร์ฟ', '00', '[\"serve_food\", \"take_orders\", \"handle_payments\"]'),
(203, 'พนักงานต้อนรับ', '00', '[\"greet_customers\", \"manage_reservations\", \"assign_seats\"]'),
(204, 'พนักงานคลัง', '00', '[\"manage_inventory\", \"receive_shipments\", \"track_stock\"]'),
(205, 'พนักงานครัว', '00', '[\"prepare_food\", \"manage_kitchen\", \"handle_ingredients\"]'),
(206, 'พนักงานเคาท์เตอร์', '00', '[\"process_payments\", \"handle_orders\", \"customer_service\"]');

-- --------------------------------------------------------

--
-- Table structure for table `selecting_item`
--

CREATE TABLE `selecting_item` (
  `selecting_item_id` int(11) NOT NULL,
  `selecting_menu_id` int(11) NOT NULL,
  `quanity` int(11) NOT NULL,
  `created_at` timestamp NOT NULL DEFAULT current_timestamp() ON UPDATE current_timestamp()
) ENGINE=InnoDB DEFAULT CHARSET=utf8mb4 COLLATE=utf8mb4_unicode_ci;

-- --------------------------------------------------------

--
-- Table structure for table `table`
--

CREATE TABLE `table` (
  `table_id` int(11) NOT NULL,
  `table_type_id` int(11) NOT NULL,
  `location` varchar(255) NOT NULL
) ENGINE=InnoDB DEFAULT CHARSET=utf8mb4 COLLATE=utf8mb4_unicode_ci;

--
-- Dumping data for table `table`
--

INSERT INTO `table` (`table_id`, `table_type_id`, `location`) VALUES
(1, 104, 'หน้าชั้นวางเมนู'),
(2, 110, 'หน้าชั้นวางเมนู'),
(3, 110, 'หน้าชั้นวางเมนู'),
(4, 110, 'หน้าชั้นวางเมนู'),
(5, 104, 'เดินตรงเข้าไป ในสุด ใกล้ชั้นวางเมนู'),
(6, 104, 'ถัดจากโต๊ะ 5'),
(7, 104, 'ถัดจากโต๊ะ 6'),
(8, 104, 'ถัดจากโต๊ะ 7'),
(9, 104, 'ถัดจากโต๊ะ 8'),
(10, 104, 'ทางด้านขวาของร้าน ใกล้โต๊ะ 5'),
(11, 104, 'ทางด้านขวาของร้าน ใกล้โต๊ะ 6'),
(12, 104, 'ทางด้านขวาของร้าน ใกล้โต๊ะ 7'),
(13, 104, 'ทางด้านขวาของร้าน ใกล้โต๊ะ 8'),
(14, 104, 'ทางด้านขวาของร้าน ใกล้โต๊ะ 9'),
(15, 104, 'ติดกำแพงด้านขวา หน้าแคชเชียร์'),
(16, 104, 'ติดกำแพงด้านขวา ถัดจากโต๊ะ 15'),
(17, 104, 'ติดกำแพงด้านขวา ถัดจากโต๊ะ 16'),
(18, 104, 'ติดกำแพงด้านขวา ถัดจากโต๊ะ 17'),
(19, 104, 'ติดกำแพงด้านขวา ถัดจากโต๊ะ 18'),
(20, 104, 'ติดกำแพงด้านขวา ถัดจากโต๊ะ 19');

-- --------------------------------------------------------

--
-- Table structure for table `table_availability`
--

CREATE TABLE `table_availability` (
  `availability_id` int(11) NOT NULL,
  `table_id` int(11) NOT NULL,
  `time_id` varchar(6) NOT NULL,
  `status` enum('Free','Busy') NOT NULL,
  `last_update` timestamp NOT NULL DEFAULT current_timestamp() ON UPDATE current_timestamp()
) ENGINE=InnoDB DEFAULT CHARSET=utf8mb4 COLLATE=utf8mb4_unicode_ci;

--
-- Dumping data for table `table_availability`
--

INSERT INTO `table_availability` (`availability_id`, `table_id`, `time_id`, `status`, `last_update`) VALUES
(116, 1, 1001, 'Free', '0000-00-00 00:00:00'),
(118, 1, 1002, 'Free', '0000-00-00 00:00:00'),
(120, 1, 1003, 'Free', '0000-00-00 00:00:00'),
(122, 1, 1004, 'Free', '0000-00-00 00:00:00'),
(124, 1, 1005, 'Free', '0000-00-00 00:00:00'),
(216, 2, 1001, 'Free', '0000-00-00 00:00:00'),
(218, 2, 1002, 'Free', '0000-00-00 00:00:00'),
(220, 2, 1003, 'Free', '0000-00-00 00:00:00'),
(222, 2, 1004, 'Free', '0000-00-00 00:00:00'),
(224, 2, 1005, 'Free', '0000-00-00 00:00:00'),
(316, 3, 1001, 'Busy', '0000-00-00 00:00:00'),
(318, 3, 1002, 'Free', '0000-00-00 00:00:00'),
(320, 3, 1003, 'Free', '0000-00-00 00:00:00'),
(322, 3, 1004, 'Free', '0000-00-00 00:00:00'),
(324, 3, 1005, 'Free', '0000-00-00 00:00:00'),
(416, 4, 1001, 'Free', '0000-00-00 00:00:00'),
(418, 4, 1002, 'Free', '0000-00-00 00:00:00'),
(420, 4, 1003, 'Free', '0000-00-00 00:00:00'),
(422, 4, 1004, 'Free', '0000-00-00 00:00:00'),
(424, 4, 1005, 'Free', '0000-00-00 00:00:00'),
(516, 5, 1001, 'Free', '0000-00-00 00:00:00'),
(518, 5, 1002, 'Free', '0000-00-00 00:00:00'),
(520, 5, 1003, 'Free', '0000-00-00 00:00:00'),
(522, 5, 1004, 'Free', '0000-00-00 00:00:00'),
(524, 5, 1005, 'Free', '0000-00-00 00:00:00'),
(616, 6, 1001, 'Free', '0000-00-00 00:00:00'),
(618, 6, 1002, 'Free', '0000-00-00 00:00:00'),
(620, 6, 1003, 'Free', '0000-00-00 00:00:00'),
(622, 6, 1004, 'Free', '0000-00-00 00:00:00'),
(624, 6, 1005, 'Free', '0000-00-00 00:00:00'),
(716, 7, 1001, 'Free', '0000-00-00 00:00:00'),
(718, 7, 1002, 'Free', '0000-00-00 00:00:00'),
(720, 7, 1003, 'Free', '0000-00-00 00:00:00'),
(722, 7, 1004, 'Free', '0000-00-00 00:00:00'),
(724, 7, 1005, 'Free', '0000-00-00 00:00:00'),
(816, 8, 1001, 'Free', '0000-00-00 00:00:00'),
(818, 8, 1002, 'Free', '0000-00-00 00:00:00'),
(820, 8, 1003, 'Free', '0000-00-00 00:00:00'),
(822, 8, 1004, 'Free', '0000-00-00 00:00:00'),
(824, 8, 1005, 'Free', '0000-00-00 00:00:00'),
(916, 9, 1001, 'Free', '0000-00-00 00:00:00'),
(918, 9, 1002, 'Free', '0000-00-00 00:00:00'),
(920, 9, 1003, 'Free', '0000-00-00 00:00:00'),
(922, 9, 1004, 'Free', '0000-00-00 00:00:00'),
(924, 9, 1005, 'Free', '0000-00-00 00:00:00'),
(1016, 10, 1001, 'Free', '0000-00-00 00:00:00'),
(1018, 10, 1002, 'Free', '0000-00-00 00:00:00'),
(1020, 10, 1003, 'Free', '0000-00-00 00:00:00'),
(1022, 10, 1004, 'Free', '0000-00-00 00:00:00'),
(1024, 10, 1005, 'Free', '0000-00-00 00:00:00'),
(1116, 11, 1001, 'Free', '0000-00-00 00:00:00'),
(1118, 11, 1002, 'Free', '0000-00-00 00:00:00'),
(1120, 11, 1003, 'Free', '0000-00-00 00:00:00'),
(1122, 11, 1004, 'Free', '0000-00-00 00:00:00'),
(1124, 11, 1005, 'Free', '0000-00-00 00:00:00'),
(1216, 12, 1001, 'Free', '0000-00-00 00:00:00'),
(1218, 12, 1002, 'Free', '0000-00-00 00:00:00'),
(1220, 12, 1003, 'Free', '0000-00-00 00:00:00'),
(1222, 12, 1004, 'Free', '0000-00-00 00:00:00'),
(1224, 12, 1005, 'Free', '0000-00-00 00:00:00'),
(1316, 13, 1001, 'Free', '0000-00-00 00:00:00'),
(1318, 13, 1002, 'Free', '0000-00-00 00:00:00'),
(1320, 13, 1003, 'Free', '0000-00-00 00:00:00'),
(1322, 13, 1004, 'Free', '0000-00-00 00:00:00'),
(1324, 13, 1005, 'Free', '0000-00-00 00:00:00'),
(1416, 14, 1001, 'Free', '0000-00-00 00:00:00'),
(1418, 14, 1002, 'Free', '0000-00-00 00:00:00'),
(1420, 14, 1003, 'Free', '0000-00-00 00:00:00'),
(1422, 14, 1004, 'Free', '0000-00-00 00:00:00'),
(1424, 14, 1005, 'Free', '0000-00-00 00:00:00'),
(1516, 15, 1001, 'Free', '0000-00-00 00:00:00'),
(1518, 15, 1002, 'Free', '0000-00-00 00:00:00'),
(1520, 15, 1003, 'Free', '0000-00-00 00:00:00'),
(1522, 15, 1004, 'Free', '0000-00-00 00:00:00'),
(1524, 15, 1005, 'Free', '0000-00-00 00:00:00'),
(1616, 16, 1001, 'Free', '0000-00-00 00:00:00'),
(1618, 16, 1002, 'Free', '0000-00-00 00:00:00'),
(1620, 16, 1003, 'Free', '0000-00-00 00:00:00'),
(1622, 16, 1004, 'Free', '0000-00-00 00:00:00'),
(1624, 16, 1005, 'Free', '0000-00-00 00:00:00'),
(1716, 17, 1001, 'Free', '0000-00-00 00:00:00'),
(1718, 17, 1002, 'Free', '0000-00-00 00:00:00'),
(1720, 17, 1003, 'Free', '0000-00-00 00:00:00'),
(1722, 17, 1004, 'Free', '0000-00-00 00:00:00'),
(1724, 17, 1005, 'Busy', '0000-00-00 00:00:00'),
(1816, 18, 1001, 'Free', '0000-00-00 00:00:00'),
(1818, 18, 1002, 'Free', '0000-00-00 00:00:00'),
(1820, 18, 1003, 'Free', '0000-00-00 00:00:00'),
(1822, 18, 1004, 'Free', '0000-00-00 00:00:00'),
(1824, 18, 1005, 'Free', '0000-00-00 00:00:00'),
(1916, 19, 1001, 'Free', '0000-00-00 00:00:00'),
(1918, 19, 1002, 'Free', '0000-00-00 00:00:00'),
(1920, 19, 1003, 'Free', '0000-00-00 00:00:00'),
(1922, 19, 1004, 'Free', '0000-00-00 00:00:00'),
(1924, 19, 1005, 'Free', '0000-00-00 00:00:00'),
(2016, 20, 1001, 'Free', '0000-00-00 00:00:00'),
(2018, 20, 1002, 'Free', '0000-00-00 00:00:00'),
(2020, 20, 1003, 'Busy', '0000-00-00 00:00:00'),
(2022, 20, 1004, 'Free', '0000-00-00 00:00:00'),
(2024, 20, 1005, 'Free', '0000-00-00 00:00:00');

-- --------------------------------------------------------

--
-- Table structure for table `table_type`
--

CREATE TABLE `table_type` (
  `table_type_id` int(11) NOT NULL,
  `table_type_name` varchar(255) NOT NULL,
  `capacity` int(11) NOT NULL
) ENGINE=InnoDB DEFAULT CHARSET=utf8mb4 COLLATE=utf8mb4_unicode_ci;

--
-- Dumping data for table `table_type`
--

INSERT INTO `table_type` (`table_type_id`, `table_type_name`, `capacity`) VALUES
(104, 'โต๊ะเล็ก', 4),
(110, 'โต๊ะใหญ่', 10);

-- --------------------------------------------------------

--
-- Table structure for table `tag`
--

CREATE TABLE `tag` (
  `tag_id` int(11) NOT NULL,
  `tag_name` varchar(255) NOT NULL,
  `rating_id` int(11) NOT NULL
) ENGINE=InnoDB DEFAULT CHARSET=utf8mb4 COLLATE=utf8mb4_unicode_ci;

-- --------------------------------------------------------

--
-- Table structure for table `time_reserversion`
--

CREATE TABLE `time_reserversion` (
  `time_id` int(11) NOT NULL,
  `time` varchar(255) NOT NULL
) ENGINE=InnoDB DEFAULT CHARSET=utf8mb4 COLLATE=utf8mb4_unicode_ci;

--
-- Dumping data for table `time_reserversion`
--

INSERT INTO `time_reserversion` (`time_id`, `time`) VALUES
(1001, '16.00'),
(1002, '18.00'),
(1003, '20.00'),
(1004, '22.00'),
(1005, '00.00');

-- --------------------------------------------------------

--
-- Table structure for table `warehouse`
--

CREATE TABLE `warehouse` (
  `warehouse_id` int(11) NOT NULL,
  `name` varchar(255) NOT NULL,
  `locations` text NOT NULL,
  `capacity` int(11) NOT NULL
) ENGINE=InnoDB DEFAULT CHARSET=utf8mb4 COLLATE=utf8mb4_unicode_ci;

--
-- Dumping data for table `warehouse`
--

INSERT INTO `warehouse` (`warehouse_id`, `name`, `locations`, `capacity`) VALUES
(1201, 'ตู้แช่ผัก', 'จ.พิษณุโลก', 0),
(1202, 'ตู้แช่เนื้อสัตว์', 'จ.พิษณุโลก', 0),
(1203, 'ตู้แช่อาหารแปรรูป', 'จ.พิษณุโลก', 0),
(1204, 'ตู้แช่อาหารทะเล', 'จ.พิษณุโลก', 0),
(1205, 'ตู้แช่ผลไม้', 'จ.พิษณุโลก', 0),
(1206, 'ตู้แช่อื่นๆ', 'จ.พิษณุโลก', 0),
(1207, 'ตู้แช่น้ำซุป', 'จ.พิษณุโลก', 0),
(1208, 'ตู้แช่น้ำจิ้ม', 'จ.พิษณุโลก', 0);

--
-- Indexes for dumped tables
--

--
-- Indexes for table `catagory`
--
ALTER TABLE `catagory`
  ADD PRIMARY KEY (`category_id`);

--
-- Indexes for table `employee`
--
ALTER TABLE `employee`
  ADD PRIMARY KEY (`employee_id`),
  ADD KEY `role_id` (`role_id`);

--
-- Indexes for table `getting_table`
--
ALTER TABLE `getting_table`
  ADD PRIMARY KEY (`getting_table_id`),
  ADD KEY `reservation_id` (`reservation_id`),
  ADD KEY `employee_id` (`employee_id`),
  ADD KEY `package_id` (`package_id`),
  ADD KEY `promotion_id` (`promotion_id`);

--
-- Indexes for table `member`
--
ALTER TABLE `member`
  ADD PRIMARY KEY (`member_id`);

--
-- Indexes for table `menu_item`
--
ALTER TABLE `menu_item`
  ADD PRIMARY KEY (`menu_item_id`),
  ADD KEY `category_id` (`category_id`),
  ADD KEY `warehouse_id` (`warehouse_id`);

--
-- Indexes for table `menu_selection`
--
ALTER TABLE `menu_selection`
  ADD PRIMARY KEY (`select_menu_id`);

--
-- Indexes for table `notification`
--
ALTER TABLE `notification`
  ADD PRIMARY KEY (`Notification`),
  ADD KEY `payment_verification_id` (`payment_verification_id`),
  ADD KEY `Notification_status_id` (`Notification_status_id`);

--
-- Indexes for table `notification_order`
--
ALTER TABLE `notification_order`
  ADD PRIMARY KEY (`notifine_order_id`),
  ADD KEY `fk_select_item` (`select_item_id`);

--
-- Indexes for table `notification_status`
--
ALTER TABLE `notification_status`
  ADD PRIMARY KEY (`notification_status_id`);

--
-- Indexes for table `order`
--
ALTER TABLE `order`
  ADD PRIMARY KEY (`order_id`),
  ADD KEY `fk_notification_orders` (`notification_orders_id`);

--
-- Indexes for table `package`
--
ALTER TABLE `package`
  ADD PRIMARY KEY (`package_id`);

--
-- Indexes for table `package_item`
--
ALTER TABLE `package_item`
  ADD PRIMARY KEY (`package_item_id`),
  ADD KEY `package_id` (`package_id`),
  ADD KEY `menu_item_id` (`menu_item_id`);

--
-- Indexes for table `payment`
--
ALTER TABLE `payment`
  ADD PRIMARY KEY (`payment_id`),
  ADD KEY `fk_getting_table` (`getting_table_id`),
  ADD KEY `promotion_id` (`promotion_id`);

--
-- Indexes for table `payment_verificatio`
--
ALTER TABLE `payment_verificatio`
  ADD PRIMARY KEY (`payment_verification_id`),
  ADD KEY `payment_id` (`payment_id`);

--
-- Indexes for table `promotion`
--
ALTER TABLE `promotion`
  ADD PRIMARY KEY (`promotion_id`);

--
-- Indexes for table `rating`
--
ALTER TABLE `rating`
  ADD PRIMARY KEY (`rating_id`);

--
-- Indexes for table `receipt`
--
ALTER TABLE `receipt`
  ADD PRIMARY KEY (`receipt_id`),
  ADD KEY `payment_verification_id` (`payment_verification_id`),
  ADD KEY `employee_id` (`employee_id`);

--
-- Indexes for table `reservation`
--
ALTER TABLE `reservation`
  ADD PRIMARY KEY (`reservation_id`),
  ADD KEY `availability_id` (`availability_id`);

--
-- Indexes for table `review`
--
ALTER TABLE `review`
  ADD PRIMARY KEY (`review_id`),
  ADD KEY `receipt_id` (`receipt_id`),
  ADD KEY `tag_id` (`tag_id`);

--
-- Indexes for table `role`
--
ALTER TABLE `role`
  ADD PRIMARY KEY (`role_id`);

--
-- Indexes for table `selecting_item`
--
ALTER TABLE `selecting_item`
  ADD PRIMARY KEY (`selecting_item_id`),
  ADD KEY `selecting_menu_id` (`selecting_menu_id`);

--
-- Indexes for table `table`
--
ALTER TABLE `table`
  ADD PRIMARY KEY (`table_id`),
  ADD KEY `table_type_id` (`table_type_id`);

--
-- Indexes for table `table_availability`
--
ALTER TABLE `table_availability`
  ADD PRIMARY KEY (`availability_id`),
  ADD KEY `table_id` (`table_id`);
  ADD KEY `time_id`(`time_id`);

--
-- Indexes for table `table_type`
--
ALTER TABLE `table_type`
  ADD PRIMARY KEY (`table_type_id`);

--
-- Indexes for table `tag`
--
ALTER TABLE `tag`
  ADD PRIMARY KEY (`tag_id`);

--
-- Indexes for table `time_reserversion`
--
ALTER TABLE `time_reserversion`
  ADD PRIMARY KEY (`time_id`);

--
-- Indexes for table `warehouse`
--
ALTER TABLE `warehouse`
  ADD PRIMARY KEY (`warehouse_id`);

--
-- AUTO_INCREMENT for dumped tables
--

--
-- AUTO_INCREMENT for table `employee`
--
ALTER TABLE `employee`
  MODIFY `employee_id` int(11) NOT NULL AUTO_INCREMENT, AUTO_INCREMENT=7;

--
-- AUTO_INCREMENT for table `getting_table`
--
ALTER TABLE `getting_table`
  MODIFY `getting_table_id` int(11) NOT NULL AUTO_INCREMENT;

--
-- AUTO_INCREMENT for table `menu_selection`
--
ALTER TABLE `menu_selection`
  MODIFY `select_menu_id` int(11) NOT NULL AUTO_INCREMENT;

--
-- AUTO_INCREMENT for table `notification`
--
ALTER TABLE `notification`
  MODIFY `Notification` int(11) NOT NULL AUTO_INCREMENT;

--
-- AUTO_INCREMENT for table `notification_order`
--
ALTER TABLE `notification_order`
  MODIFY `notifine_order_id` int(11) NOT NULL AUTO_INCREMENT;

--
-- AUTO_INCREMENT for table `order`
--
ALTER TABLE `order`
  MODIFY `order_id` int(11) NOT NULL AUTO_INCREMENT;

--
-- AUTO_INCREMENT for table `payment`
--
ALTER TABLE `payment`
  MODIFY `payment_id` int(11) NOT NULL AUTO_INCREMENT;

--
-- AUTO_INCREMENT for table `payment_verificatio`
--
ALTER TABLE `payment_verificatio`
  MODIFY `payment_verification_id` int(11) NOT NULL AUTO_INCREMENT;

--
-- AUTO_INCREMENT for table `receipt`
--
ALTER TABLE `receipt`
  MODIFY `receipt_id` int(11) NOT NULL AUTO_INCREMENT;

--
-- AUTO_INCREMENT for table `reservation`
--
ALTER TABLE `reservation`
  MODIFY `reservation_id` int(11) NOT NULL AUTO_INCREMENT, AUTO_INCREMENT=952543;

--
-- AUTO_INCREMENT for table `review`
--
ALTER TABLE `review`
  MODIFY `review_id` int(11) NOT NULL AUTO_INCREMENT;

--
-- AUTO_INCREMENT for table `selecting_item`
--
ALTER TABLE `selecting_item`
  MODIFY `selecting_item_id` int(11) NOT NULL AUTO_INCREMENT;

--
-- AUTO_INCREMENT for table `table_availability`
--
ALTER TABLE `table_availability`
  MODIFY `availability_id` int(11) NOT NULL AUTO_INCREMENT, AUTO_INCREMENT=2025;

--
-- Constraints for dumped tables
--

--
-- Constraints for table `employee`
--
ALTER TABLE `employee`
  ADD CONSTRAINT `fk_role_id` FOREIGN KEY (`role_id`) REFERENCES `role` (`role_id`);

--
-- Constraints for table `getting_table`
--
ALTER TABLE `getting_table`
  ADD CONSTRAINT `fk_employee` FOREIGN KEY (`employee_id`) REFERENCES `employee` (`employee_id`),
  ADD CONSTRAINT `fk_package` FOREIGN KEY (`package_id`) REFERENCES `package` (`package_id`),
  ADD CONSTRAINT `fk_promotion` FOREIGN KEY (`promotion_id`) REFERENCES `promotion` (`promotion_id`),
  ADD CONSTRAINT `fk_reservation` FOREIGN KEY (`reservation_id`) REFERENCES `reservation` (`reservation_id`);

--
-- Constraints for table `menu_item`
--
ALTER TABLE `menu_item`
  ADD CONSTRAINT `fk_category` FOREIGN KEY (`category_id`) REFERENCES `catagory` (`category_id`),
  ADD CONSTRAINT `fk_warehouse` FOREIGN KEY (`warehouse_id`) REFERENCES `warehouse` (`warehouse_id`);

--
-- Constraints for table `notification`
--
ALTER TABLE `notification`
  ADD CONSTRAINT `fk_Notification_status` FOREIGN KEY (`Notification_status_id`) REFERENCES `notification_status` (`notification_status_id`);

--
-- Constraints for table `notification_order`
--
ALTER TABLE `notification_order`
  ADD CONSTRAINT `fk_select_item` FOREIGN KEY (`select_item_id`) REFERENCES `selecting_item` (`selecting_item_id`);

--
-- Constraints for table `order`
--
ALTER TABLE `order`
  ADD CONSTRAINT `fk_notification_orders` FOREIGN KEY (`notification_orders_id`) REFERENCES `notification_order` (`notifine_order_id`);

--
-- Constraints for table `package_item`
--
ALTER TABLE `package_item`
  ADD CONSTRAINT `fk_menu` FOREIGN KEY (`menu_item_id`) REFERENCES `menu_item` (`menu_item_id`);

--
-- Constraints for table `payment`
--
ALTER TABLE `payment`
  ADD CONSTRAINT `fk_getting_table` FOREIGN KEY (`getting_table_id`) REFERENCES `getting_table` (`getting_table_id`);

--
-- Constraints for table `payment_verificatio`
--
ALTER TABLE `payment_verificatio`
  ADD CONSTRAINT `fk_payment` FOREIGN KEY (`payment_id`) REFERENCES `payment` (`payment_id`);

--
-- Constraints for table `receipt`
--
ALTER TABLE `receipt`
  ADD CONSTRAINT `fk_payment_verification` FOREIGN KEY (`payment_verification_id`) REFERENCES `payment_verificatio` (`payment_verification_id`);

--
-- Constraints for table `reservation`
--
ALTER TABLE `reservation`
  ADD CONSTRAINT `fk_table_availability` FOREIGN KEY (`availability_id`) REFERENCES `table_availability` (`availability_id`);

--
-- Constraints for table `review`
--
ALTER TABLE `review`
  ADD CONSTRAINT `fk_receipt` FOREIGN KEY (`receipt_id`) REFERENCES `receipt` (`receipt_id`),
  ADD CONSTRAINT `fk_tag` FOREIGN KEY (`tag_id`) REFERENCES `tag` (`tag_id`);

--
-- Constraints for table `selecting_item`
--
ALTER TABLE `selecting_item`
  ADD CONSTRAINT `fk_selecting_menu` FOREIGN KEY (`selecting_menu_id`) REFERENCES `menu_selection` (`select_menu_id`);

--
-- Constraints for table `table`
--
ALTER TABLE `table`
  ADD CONSTRAINT `fk_table_type_id` FOREIGN KEY (`table_type_id`) REFERENCES `table_type` (`table_type_id`);

--
-- Constraints for table `table_availability`
--
ALTER TABLE `table_availability`
  ADD CONSTRAINT `fk_table_id` FOREIGN KEY (`table_id`) REFERENCES `table` (`table_id`);
COMMIT;

/*!40101 SET CHARACTER_SET_CLIENT=@OLD_CHARACTER_SET_CLIENT */;
/*!40101 SET CHARACTER_SET_RESULTS=@OLD_CHARACTER_SET_RESULTS */;
/*!40101 SET COLLATION_CONNECTION=@OLD_COLLATION_CONNECTION */;
