-- phpMyAdmin SQL Dump
-- version 5.2.1
-- https://www.phpmyadmin.net/
--
-- Host: 127.0.0.1
-- Generation Time: Feb 18, 2025 at 11:58 AM
-- Server version: 10.4.32-MariaDB
-- PHP Version: 8.0.30

SET SQL_MODE = "NO_AUTO_VALUE_ON_ZERO";
START TRANSACTION;
SET time_zone = "+00:00";


/*!40101 SET @OLD_CHARACTER_SET_CLIENT=@@CHARACTER_SET_CLIENT */;
/*!40101 SET @OLD_CHARACTER_SET_RESULTS=@@CHARACTER_SET_RESULTS */;
/*!40101 SET @OLD_COLLATION_CONNECTION=@@COLLATION_CONNECTION */;
/*!40101 SET NAMES utf8mb4 */;

--
-- Database: `winaishabu`
--

-- --------------------------------------------------------

--
-- Table structure for table `catagory`
--

CREATE TABLE `catagory` (
  `category_id` int(11) NOT NULL,
  `category_name` varchar(255) NOT NULL,
  `description` text NOT NULL
) ENGINE=InnoDB DEFAULT CHARSET=utf8mb4 COLLATE=utf8mb4_unicode_ci;

--
-- Dumping data for table `catagory`
--

INSERT INTO `catagory` (`category_id`, `category_name`, `description`) VALUES
(1101, 'ผัก', ''),
(1102, 'เนื้อสัตว์', ''),
(1103, 'อาหารแปรรูป', ''),
(1104, 'อาหารทะเล', ''),
(1105, 'อื่นๆ', ''),
(1106, 'น้ำซุป', ''),
(1107, 'ผลไม้', ''),
(1108, 'น้ำจิ้ม', '');

-- --------------------------------------------------------

--
-- Table structure for table `employee`
--

CREATE TABLE `employee` (
  `employee_id` int(11) NOT NULL,
  `first_name` varchar(255) NOT NULL,
  `last_name` varchar(255) NOT NULL,
  `email` varchar(255) NOT NULL,
  `phone` varchar(255) NOT NULL,
  `role_id` int(11) NOT NULL,
  `created_at` timestamp NOT NULL DEFAULT current_timestamp() ON UPDATE current_timestamp()
) ENGINE=InnoDB DEFAULT CHARSET=utf8mb4 COLLATE=utf8mb4_unicode_ci;

--
-- Dumping data for table `employee`
--

INSERT INTO `employee` (`employee_id`, `first_name`, `last_name`, `email`, `phone`, `role_id`, `created_at`) VALUES
(1, 'ใจดี', 'เมตตา', 'jaidee@gmail.com', '090-0009000', 206, '2025-02-04 15:26:36'),
(2, 'ใจยักษ์', 'ใจมาร', 'jaiyuk@gmail.com', '090-0000000', 202, '2025-02-10 15:30:58');

-- --------------------------------------------------------

--
-- Table structure for table `getting_table`
--

CREATE TABLE `getting_table` (
  `getting_table_id` int(11) NOT NULL,
  `walkin_id` int(11) DEFAULT NULL,
  `reservation_id` int(11) DEFAULT NULL,
  `employee_id` int(11) NOT NULL,
  `package_id` int(11) NOT NULL,
  `promotion_id` int(11) DEFAULT NULL,
  `total_amount` decimal(10,0) NOT NULL,
  `created_at` timestamp NOT NULL DEFAULT current_timestamp() ON UPDATE current_timestamp()
) ENGINE=InnoDB DEFAULT CHARSET=utf8mb4 COLLATE=utf8mb4_unicode_ci;

--
-- Dumping data for table `getting_table`
--

INSERT INTO `getting_table` (`getting_table_id`, `walkin_id`, `reservation_id`, `employee_id`, `package_id`, `promotion_id`, `total_amount`, `created_at`) VALUES
(103191, 0, 563478, 2, 701, NULL, 899, '2025-02-11 11:31:23'),
(355438, 0, 573061, 1, 701, NULL, 899, '2025-02-11 11:08:23'),
(420025, 0, 170771, 1, 701, NULL, 899, '2025-02-12 07:59:47'),
(436807, 0, 333518, 1, 701, NULL, 899, '2025-02-11 11:25:52'),
(619574, 0, 494181, 1, 701, NULL, 899, '2025-02-12 09:44:22'),
(699746, 0, 865697, 1, 701, NULL, 899, '2025-02-11 11:32:01');

-- --------------------------------------------------------

--
-- Table structure for table `member`
--

CREATE TABLE `member` (
  `member_id` int(11) NOT NULL,
  `first_name` varchar(255) NOT NULL,
  `last_name` varchar(255) NOT NULL,
  `gender` enum('Female','Male') NOT NULL,
  `religion` enum('Buddhism','Islam') NOT NULL,
  `email` varchar(255) NOT NULL,
  `password_hash` varchar(255) NOT NULL,
  `birth_day` date NOT NULL,
  `phone` varchar(10) NOT NULL,
  `signup_date` timestamp NOT NULL DEFAULT current_timestamp() ON UPDATE current_timestamp()
) ENGINE=InnoDB DEFAULT CHARSET=utf8mb4 COLLATE=utf8mb4_unicode_ci;

--
-- Dumping data for table `member`
--

INSERT INTO `member` (`member_id`, `first_name`, `last_name`, `gender`, `religion`, `email`, `password_hash`, `birth_day`, `phone`, `signup_date`) VALUES
(1501, 'ดาวเรือง', 'พรศักดิ์ส่องแสง', 'Female', 'Buddhism', 'win01@email.com', '123456', '0000-00-00', '0931234567', '2025-02-10 17:30:31'),
(1502, 'ชบา', 'ชื่นชม', 'Female', 'Islam', 'ploy22@email.com', 'abc123', '0000-00-00', '0822345678', '2025-02-10 17:30:43'),
(1503, 'สมชาย', 'ไกรศักด์', 'Male', 'Islam', 'mint33@email.com', '456789', '0000-00-00', '0633456789', '2025-02-10 17:30:50'),
(1504, 'ชมพู', 'ฟ้า', 'Female', 'Islam', 'jay44@email.com', 'qwerty', '0000-00-00', '0944567890', '2025-02-10 17:30:58'),
(1505, 'วินัย', 'ทองโต', 'Male', 'Buddhism', 'nam55@email.com', 'zxcvbn', '0000-00-00', '0955678901', '2025-02-10 17:31:06'),
(1506, 'ดวงดาว', 'สพันจ์', 'Female', 'Islam', 'phoom66@email.com', '987654', '0000-00-00', '0866789012', '2025-02-10 17:31:13'),
(1507, 'สมหมาย', 'สุดหล่อ', 'Male', 'Buddhism', 'krit77@email.com', 'asdfgh', '0000-00-00', '0817890123', '2025-02-10 17:31:23'),
(1508, 'สมปอง', 'ทองสุก', 'Male', 'Islam', 'noon88@email.com', 'noon88', '0000-00-00', '0928901234', '2025-02-10 17:31:29'),
(1509, 'สมหญิง', 'สุดสวย', 'Female', 'Buddhism', 'max99@email.com', '112233', '0000-00-00', '0939012345', '2025-02-10 17:31:37'),
(1510, 'เดือนเหนือ', 'เตโชกิจ', 'Male', 'Islam', 'pat11@email.com', 'hello1', '0000-00-00', '0640123456', '2025-02-10 17:31:43'),
(1511, 'Donul', 'Trump', 'Male', 'Islam', 'ice22@email.com', 'loveu2', '0000-00-00', '0851236789', '2025-02-10 17:31:52'),
(1512, 'Ronado', 'Stampt', 'Male', 'Islam', 'ton33@email.com', 'test123', '0000-00-00', '0962347890', '2025-02-10 17:32:00'),
(1513, 'นาตารี', 'ดีงาม', 'Female', 'Buddhism', 'bell44@email.com', 'easy123', '0000-00-00', '0883458901', '2025-02-10 17:32:07'),
(1514, 'Daren', 'Smith', 'Female', 'Islam', 'zen55@email.com', 'mypass', '0000-00-00', '0894569012', '2025-02-10 17:32:15'),
(1515, 'Jeremy', 'Carck', 'Male', 'Buddhism', 'art66@email.com', '123abc', '0000-00-00', '0805670231', '2025-02-10 17:32:21');

-- --------------------------------------------------------

--
-- Table structure for table `menu`
--

CREATE TABLE `menu` (
  `menu_id` int NOT NULL,
  `raw_materia_id` int NOT NULL,
  `quantity_of_sale` int NOT NULL,
  `unit` varchar(255) COLLATE utf8mb4_unicode_ci NOT NULL
) ENGINE=InnoDB DEFAULT CHARSET=utf8mb4 COLLATE=utf8mb4_unicode_ci;

--
-- Dumping data for table `menu`
--

INSERT INTO `menu` (`menu_id`, `raw_materia_id`, `quantity_of_sale`, `unit`) VALUES
(101, 1, 200, 'g.'),
(102, 2, 200, 'g.'),
(103, 3, 200, 'g.'),
(104, 4, 200, 'g.'),
(105, 5, 200, 'g.'),
(106, 6, 200, 'g.'),
(107, 7, 200, 'g.'),
(108, 8, 100, 'g.'),
(109, 9, 200, 'g.'),
(110, 10, 200, 'g.'),
(111, 11, 200, 'g.'),
(112, 12, 200, 'g.'),
(113, 13, 200, 'g.'),
(114, 14, 200, 'g.'),
(115, 15, 200, 'g.'),
(116, 16, 200, 'g.'),
(117, 17, 200, 'g.'),
(118, 18, 100, 'g.'),
(119, 19, 200, 'g.'),
(120, 20, 200, 'g.'),
(121, 21, 200, 'g.'),
(122, 22, 148, 'g.'),
(123, 23, 148, 'g.'),
(124, 24, 148, 'g.'),
(125, 25, 139, 'g.'),
(126, 26, 80, 'g.'),
(127, 27, 90, 'g.'),
(128, 28, 200, 'g.'),
(129, 29, 59, 'g.'),
(130, 30, 80, 'g.'),
(131, 31, 80, 'g.'),
(132, 32, 200, 'g.'),
(133, 33, 60, 'g.'),
(134, 34, 200, 'ml'),
(135, 35, 500, 'ml'),
(136, 36, 500, 'ml'),
(137, 37, 500, 'ml'),
(138, 38, 500, 'ml'),
(139, 39, 500, 'ml'),
(140, 40, 500, 'ml'),
(141, 41, 500, 'ml'),
(142, 42, 60, 'g.'),
(143, 43, 60, 'g.'),
(144, 44, 60, 'g.'),
(145, 45, 60, 'g.'),
(146, 46, 200, 'g.'),
(147, 47, 200, 'g.'),
(148, 48, 200, 'g.'),
(149, 49, 200, 'g.'),
(150, 50, 200, 'g.'),
(151, 51, 200, 'g.'),
(152, 52, 200, 'g.'),
(153, 53, 200, 'g.'),
(154, 54, 200, 'g.'),
(155, 55, 100, 'g.'),
(156, 56, 100, 'g.'),
(157, 57, 100, 'g.'),
(158, 58, 100, 'g.'),
(159, 59, 100, 'g.'),
(160, 60, 100, 'g.'),
(161, 61, 100, 'g.'),
(162, 62, 100, 'g.'),
(163, 63, 100, 'g.'),
(164, 64, 100, 'g.'),
(165, 65, 100, 'g.'),
(167, 67, 100, 'g.'),
(168, 68, 100, 'g.'),
(169, 69, 100, ''),
(170, 70, 100, 'g.'),
(171, 71, 100, 'g.'),
(172, 72, 100, 'g.'),
(173, 73, 600, 'ml'),
(174, 74, 600, 'ml'),
(175, 75, 600, 'ml'),
(176, 76, 45, 'ml'),
(177, 77, 45, 'ml'),
(178, 78, 45, 'ml'),
(179, 79, 15, 'g.'),
(180, 80, 15, 'g.'),
(181, 81, 30, 'ml');

-- --------------------------------------------------------

--
-- Table structure for table `menu_selection`
--

CREATE TABLE `menu_selection` (
  `select_menu_id` int(11) NOT NULL,
  `getting_table_id` int(11) NOT NULL,
  `created_at` timestamp NOT NULL DEFAULT current_timestamp() ON UPDATE current_timestamp()
) ENGINE=InnoDB DEFAULT CHARSET=utf8mb4 COLLATE=utf8mb4_unicode_ci;

-- --------------------------------------------------------

--
-- Table structure for table `notification`
--

CREATE TABLE `notification` (
  `Notification` int(11) NOT NULL,
  `Notification_name` int(11) NOT NULL,
  `status` varchar(255) NOT NULL,
  `created_at` timestamp NOT NULL DEFAULT current_timestamp() ON UPDATE current_timestamp()
) ENGINE=InnoDB DEFAULT CHARSET=utf8mb4 COLLATE=utf8mb4_unicode_ci;

-- --------------------------------------------------------

--
-- Table structure for table `notification_order`
--

CREATE TABLE `notification_order` (
  `notifine_order_id` int(11) NOT NULL,
  `select_item_id` int(11) NOT NULL,
  `created_at` timestamp NOT NULL DEFAULT current_timestamp() ON UPDATE current_timestamp()
) ENGINE=InnoDB DEFAULT CHARSET=utf8mb4 COLLATE=utf8mb4_unicode_ci;

-- --------------------------------------------------------

--
-- Table structure for table `order`
--

CREATE TABLE `order` (
  `order_id` int(11) NOT NULL,
  `select_menu_id` int(11) NOT NULL,
  `order_date` timestamp NOT NULL DEFAULT current_timestamp() ON UPDATE current_timestamp(),
  `status` enum('in_progress','complete','','') NOT NULL
) ENGINE=InnoDB DEFAULT CHARSET=utf8mb4 COLLATE=utf8mb4_unicode_ci;

-- --------------------------------------------------------

--
-- Table structure for table `package`
--

CREATE TABLE `package` (
  `package_id` int(11) NOT NULL,
  `package_name` varchar(255) NOT NULL,
  `price` int(11) NOT NULL
) ENGINE=InnoDB DEFAULT CHARSET=utf8mb4 COLLATE=utf8mb4_unicode_ci;

--
-- Dumping data for table `package`
--

INSERT INTO `package` (`package_id`, `package_name`, `price`) VALUES
(701, 'แพ็กเกจหมู', 899),
(702, 'แพ็กเกจเนื้อ', 8299),
(703, 'แพ็กเกจทะเล', 1299),
(704, 'แพ็กเกจมังสวิรัติ', 699),
(705, 'แพ็กเกจรวม', 8599);

-- --------------------------------------------------------

--
-- Table structure for table `package_item`
--

CREATE TABLE `package_item` (
  `package_item_id` int NOT NULL,
  `package_id` int NOT NULL,
  `menu_item_id` int NOT NULL,
  `description` text COLLATE utf8mb4_unicode_ci NOT NULL,
  `price` int NOT NULL,
  `is_active` tinyint(1) NOT NULL,
  `created_at` timestamp NOT NULL DEFAULT CURRENT_TIMESTAMP ON UPDATE CURRENT_TIMESTAMP
) ENGINE=InnoDB DEFAULT CHARSET=utf8mb4 COLLATE=utf8mb4_unicode_ci;

--
-- Dumping data for table `package_item`
--

INSERT INTO `package_item` (`package_item_id`, `package_id`, `menu_item_id`, `description`, `price`, `is_active`, `created_at`) VALUES
(1401, 701, 1, '', 0, 0, '2025-02-10 17:01:34'),
(1402, 701, 2, '', 0, 0, '2025-02-10 17:01:34'),
(1403, 701, 3, '', 0, 0, '2025-02-10 17:09:49'),
(1404, 701, 4, '', 0, 0, '2025-02-10 17:09:49'),
(1405, 701, 5, '', 0, 0, '2025-02-10 17:09:49'),
(1406, 701, 6, '', 0, 0, '2025-02-10 17:09:49'),
(1407, 701, 7, '', 0, 0, '2025-02-10 17:09:49'),
(1408, 701, 8, '', 0, 0, '2025-02-10 17:09:49'),
(1409, 701, 9, '', 0, 0, '2025-02-10 17:09:49'),
(1410, 701, 10, '', 0, 0, '2025-02-10 17:09:49'),
(1411, 701, 11, '', 0, 0, '2025-02-10 17:09:49'),
(1412, 701, 12, '', 0, 0, '2025-02-10 17:09:49'),
(1413, 701, 13, '', 0, 0, '2025-02-10 17:09:49'),
(1414, 701, 14, '', 0, 0, '2025-02-10 17:09:49'),
(1415, 701, 15, '', 0, 0, '2025-02-10 17:09:49'),
(1416, 701, 16, '', 0, 0, '2025-02-10 17:09:49'),
(1417, 701, 17, '', 0, 0, '2025-02-10 17:26:25'),
(1418, 701, 18, '', 0, 0, '2025-02-10 17:26:25'),
(1419, 701, 19, '', 0, 0, '2025-02-11 03:39:59'),
(1420, 701, 20, '', 0, 0, '2025-02-10 17:29:13'),
(1421, 701, 21, '', 0, 0, '2025-02-10 17:29:13'),
(1422, 701, 22, '', 0, 0, '2025-02-10 17:29:13'),
(1423, 701, 23, '', 0, 0, '2025-02-10 17:29:13'),
(1424, 701, 24, '', 0, 0, '2025-02-10 17:29:13'),
(1425, 701, 25, '', 0, 0, '2025-02-10 17:29:13'),
(1426, 701, 26, '', 0, 0, '2025-02-10 17:29:13'),
(1427, 701, 27, '', 0, 0, '2025-02-10 17:29:13'),
(1428, 701, 28, '', 0, 0, '2025-02-10 17:29:13'),
(1429, 701, 29, '', 0, 0, '2025-02-10 17:52:22'),
(1430, 701, 30, '', 0, 0, '2025-02-10 17:52:22'),
(1431, 701, 31, '', 0, 0, '2025-02-10 17:52:22'),
(1432, 701, 32, '', 0, 0, '2025-02-10 17:52:22'),
(1433, 701, 33, '', 0, 0, '2025-02-10 17:52:22'),
(1434, 701, 34, '', 0, 0, '2025-02-10 17:52:22'),
(1435, 701, 35, '', 0, 0, '2025-02-10 17:52:22'),
(1436, 701, 36, '', 0, 0, '2025-02-10 17:52:22'),
(1437, 701, 37, '', 0, 0, '2025-02-10 17:52:22'),
(1438, 701, 38, '', 0, 0, '2025-02-10 17:52:22'),
(1439, 701, 39, '', 0, 0, '2025-02-10 17:56:03'),
(1440, 701, 40, '', 0, 0, '2025-02-10 17:56:03'),
(1441, 701, 41, '', 0, 0, '2025-02-10 17:56:03'),
(1442, 701, 42, '', 0, 0, '2025-02-10 17:56:03'),
(1443, 701, 43, '', 0, 0, '2025-02-10 17:56:03'),
(1444, 701, 44, '', 0, 0, '2025-02-10 17:56:03'),
(1445, 701, 45, '', 0, 0, '2025-02-10 17:56:03'),
(1446, 701, 46, '', 0, 0, '2025-02-10 17:56:03'),
(1447, 701, 47, '', 0, 0, '2025-02-10 17:56:03'),
(1448, 701, 48, '', 0, 0, '2025-02-10 17:56:03'),
(1449, 701, 49, '', 0, 0, '2025-02-11 03:39:40'),
(1450, 701, 50, '', 0, 0, '2025-02-10 17:58:55'),
(1451, 701, 51, '', 0, 0, '2025-02-10 17:58:55'),
(1452, 701, 52, '', 0, 0, '2025-02-10 17:58:55'),
(1453, 701, 53, '', 0, 0, '2025-02-10 17:58:55'),
(1454, 701, 54, '', 0, 0, '2025-02-10 17:58:55'),
(1455, 701, 55, '', 0, 0, '2025-02-10 17:58:55'),
(1456, 701, 56, '', 0, 0, '2025-02-10 17:58:55'),
(1457, 701, 57, '', 0, 0, '2025-02-10 17:58:55'),
(1458, 701, 58, '', 0, 0, '2025-02-10 17:58:55'),
(1459, 701, 59, '', 0, 0, '2025-02-10 17:58:55');


-- --------------------------------------------------------

--
-- Table structure for table `payment`
--

CREATE TABLE `payment` (
  `payment_id` int(11) NOT NULL,
  `getting_table_id` int(11) NOT NULL,
  `payment_method` enum('QR prompay','credit') NOT NULL,
  `payment_timestamp` timestamp NOT NULL DEFAULT current_timestamp() ON UPDATE current_timestamp(),
  `promotion_id` int(11) NOT NULL,
  `total_payment` int(11) NOT NULL
) ENGINE=InnoDB DEFAULT CHARSET=utf8mb4 COLLATE=utf8mb4_unicode_ci;

-- --------------------------------------------------------

--
-- Table structure for table `payment_verificatio`
--

CREATE TABLE `payment_verificatio` (
  `payment_verification_id` int(11) NOT NULL,
  `payment_id` int(11) NOT NULL,
  `approve` enum('completed','pending','failed') NOT NULL,
  `created_at` timestamp NOT NULL DEFAULT current_timestamp() ON UPDATE current_timestamp()
) ENGINE=InnoDB DEFAULT CHARSET=utf8mb4 COLLATE=utf8mb4_unicode_ci;

-- --------------------------------------------------------

--
-- Table structure for table `promotion`
--

CREATE TABLE `promotion` (
  `promotion_id` int(11) NOT NULL,
  `promotions_name` varchar(255) NOT NULL
) ENGINE=InnoDB DEFAULT CHARSET=utf8mb4 COLLATE=utf8mb4_unicode_ci;

-- --------------------------------------------------------

--
-- Table structure for table `promotion_item`
--

CREATE TABLE `promotion_item` (
  `promotion_item_id` int(11) NOT NULL,
  `promotion_id` int(11) NOT NULL,
  `inventory_id` int(11) NOT NULL,
  `description` text NOT NULL,
  `discount_type` enum('persentage','fixed_amount') NOT NULL,
  `discount_value` decimal(10,2) NOT NULL,
  `start_date` int(11) NOT NULL,
  `end_date` int(11) NOT NULL,
  `status` enum('active','expired') NOT NULL,
  `created_at` timestamp NOT NULL DEFAULT current_timestamp() ON UPDATE current_timestamp(),
  `quantity` int(11) NOT NULL
) ENGINE=InnoDB DEFAULT CHARSET=utf8mb4 COLLATE=utf8mb4_unicode_ci;

-- --------------------------------------------------------

--
-- Table structure for table `raw_material`
--

CREATE TABLE `raw_material` (
  `raw_material_id` int NOT NULL,
  `item_name` varchar(255) COLLATE utf8mb4_unicode_ci NOT NULL,
  `description` text COLLATE utf8mb4_unicode_ci NOT NULL,
  `category_id` int NOT NULL,
  `price_of_cost` decimal(10,2) NOT NULL,
  `quanity` decimal(10,2) NOT NULL,
  `unit` varchar(255) COLLATE utf8mb4_unicode_ci NOT NULL,
  `Num_before_consumption` int NOT NULL,
  `warehouse_id` int NOT NULL,
  `image_url` varchar(255) COLLATE utf8mb4_unicode_ci NOT NULL
) ENGINE=InnoDB DEFAULT CHARSET=utf8mb4 COLLATE=utf8mb4_unicode_ci;

--
-- Dumping data for table `raw_material`
--

INSERT INTO `raw_material` (`raw_material_id`, `item_name`, `description`, `category_id`, `price_of_cost`, `quanity`, `unit`, `Num_before_consumption`, `warehouse_id`, `image_url`) VALUES
(1, 'ผักบุ้ง', 'ผักบุ้ง - ผักที่คัดสรรมาอย่างดี ให้ความกรอบและรสชาติอร่อย ทานกับชาบูเข้ากันสุดๆ เสิร์ฟในปริมาณ 200 กรัม ทานคู่กับน้ำจิ้ม', 1101, 24.00, 1000.00, 'g.', 5, 1201, 'uploads/ผักบุ้ง.jpg'),
(2, 'ต้นหอมญี่ปุ่น', 'ต้นหอมญี่ปุ่น - ผักที่คัดสรรมาอย่างดี ให้ความกรอบและรสชาติอร่อย ทานกับชาบูเข้ากันสุดๆ เสิร์ฟในปริมาณ 200 กรัม เหมาะสำหรับเพิ่มความหวานให้กับน้ำซุป.', 1101, 70.00, 1000.00, 'g.', 5, 1201, 'uploads/ต้นหอม.jpg'),
(3, 'ข้าวโพดอ่อน', 'ข้าวโพดอ่อน - ผักปลอดสาร สดสะอาด เหมาะกับการทานคู่กับเนื้อและน้ำจิ้ม เพิ่มรสสัมผัสที่ลงตัว เสิร์ฟในปริมาณ 200 กรัมเหมาะกับน้ำซุปหอมๆ และทานคู่กับเนื้อสัตว์.', 1101, 50.00, 1000.00, 'g.', 5, 1201, 'uploads/ข้าวโพดอ่อน.jpg'),
(4, 'กวางตุ้ง', 'กวางตุ้ง - ผักสดใหม่ คัดสรรจากแหล่งคุณภาพ เหมาะสำหรับลวกในน้ำซุปร้อนๆ ให้รสชาติหวานกรอบ เสิร์ฟในปริมาณ 200 กรัม อร่อยเมื่อจุ่มในน้ำซุปแล้วทานกับน้ำจิ้ม', 1101, 14.00, 1000.00, 'g.', 5, 1201, 'vegatable/vegatable.jpg'),
(5, 'ผักขึ้นฉ่าย', 'ผักขึ้นฉ่าย - ผักสดใหม่ คัดสรรจากแหล่งคุณภาพ เหมาะสำหรับลวกในน้ำซุปร้อนๆ ให้รสชาติหวานกรอบ เสิร์ฟในปริมาณ 200 กรัม  เหมาะกับน้ำซุปหอมๆ และทานคู่กับเนื้อสัตว์.', 1101, 84.00, 500.00, 'g.', 5, 1201, 'vegatable/vegatable.jpg'),
(6, 'ฮ่องเต้น้อย', 'ฮ่องเต้น้อย(เบบี้ฮ่องเต้) - ผักที่คัดสรรมาอย่างดี ให้ความกรอบและรสชาติอร่อย ทานกับชาบูเข้ากันสุดๆ เสิร์ฟในปริมาณ 200 กรัม อร่อยเมื่อจุ่มในน้ำซุปแล้วทานกับน้ำจิ้ม', 1101, 85.00, 1000.00, 'g.', 5, 1201, 'vegatable/vegatable.jpg'),
(7, 'ฟักทองญี่ปุ่น', 'ฟักทองญี่ปุ่น - ผักสดใหม่ คัดสรรจากแหล่งคุณภาพ เหมาะสำหรับลวกในน้ำซุปร้อนๆ ให้รสชาติหวานกรอบ เสิร์ฟในปริมาณ 200 กรัมอร่อยเมื่อจุ่มในน้ำซุปแล้วทานกับน้ำจิ้ม', 1101, 70.00, 1000.00, 'g.', 5, 1201, 'vegatable/vegatable.jpg'),
(8, 'วากาเมะเขียว', 'วากาเมะเขียว - ผักสดใหม่ คัดสรรจากแหล่งคุณภาพ เหมาะสำหรับลวกในน้ำซุปร้อนๆ ให้รสชาติหวานกรอบ เสิร์ฟในปริมาณ 100 กรัม เหมาะกับน้ำซุปหอมๆ และทานคู่กับเนื้อสัตว์.', 1101, 505.00, 500.00, 'g.', 5, 1201, 'vegatable/vegatable.jpg'),
(9, 'ผัดกาดขาว', 'ผัดกาดขาว - ผักปลอดสาร สดสะอาด เหมาะกับการทานคู่กับเนื้อและน้ำจิ้ม เพิ่มรสสัมผัสที่ลงตัว เสิร์ฟในปริมาณ 200 กรัมเหมาะกับน้ำซุปหอมๆ และทานคู่กับเนื้อสัตว์.', 1101, 35.00, 1500.00, 'g.\r\n', 5, 1201, 'vegatable/vegatable.jpg'),
(10, 'เห็ดฟาง', 'เห็ดฟาง(ขนาดกลาง) - ผักสดใหม่ คัดสรรจากแหล่งคุณภาพ เหมาะสำหรับลวกในน้ำซุปร้อนๆ ให้รสชาติหวานกรอบ เสิร์ฟในปริมาณ 200 กรัม  เหมาะสำหรับเพิ่มความหวานให้กับน้ำซุป.', 1101, 80.00, 1000.00, 'g.', 5, 1201, 'vegatable/vegatable.jpg'),
(11, 'เห็ดหูหนู', 'เห็ดหูหนู - ผักปลอดสาร สดสะอาด เหมาะกับการทานคู่กับเนื้อและน้ำจิ้ม เพิ่มรสสัมผัสที่ลงตัว เสิร์ฟในปริมาณ 200 กรัม เหมาะกับน้ำซุปหอมๆ และทานคู่กับเนื้อสัตว์.', 1101, 60.00, 1000.00, 'g.', 5, 1201, 'vegatable/vegatable.jpg'),
(12, 'เห็ดเข็มทอง', 'เห็มเข็มทอง - ผักที่คัดสรรมาอย่างดี ให้ความกรอบและรสชาติอร่อย ทานกับชาบูเข้ากันสุดๆ เสิร์ฟในปริมาณ 200 กรัม เหมาะสำหรับเพิ่มความหวานให้กับน้ำซุป.', 1101, 67.00, 1000.00, 'g.', 5, 1201, 'vegatable/vegatable.jpg'),
(13, 'ข้าวโพด', 'ข้าวโพด(เบอร์ใหญ่) - ผักสดใหม่ คัดสรรจากแหล่งคุณภาพ เหมาะสำหรับลวกในน้ำซุปร้อนๆ ให้รสชาติหวานกรอบ เสิร์ฟในปริมาณ 200 กรัม เหมาะกับน้ำซุปหอมๆ และทานคู่กับเนื้อสัตว์.', 1101, 15.00, 1000.00, 'g.', 5, 1201, 'vegatable/vegatable.jpg'),
(14, 'เห็ดชิเมจิขาว', 'เห็ดชิเมจิขาว - ผักสดใหม่ คัดสรรจากแหล่งคุณภาพ เหมาะสำหรับลวกในน้ำซุปร้อนๆ ให้รสชาติหวานกรอบ เสิร์ฟในปริมาณ 200 กรัม อร่อยเมื่อจุ่มในน้ำซุปแล้วทานกับน้ำจิ้มพอนสึ.', 1101, 85.00, 1000.00, 'g.\r\n', 5, 1201, 'vegatable/vegatable.jpg'),
(15, 'เส้นอุด้ง', 'เส้นอุด้ง - ลูกชิ้นเนื้อแน่นเต็มคำ คัดสรรวัตถุดิบคุณภาพ เสริมรสชาติให้มื้อชาบูอร่อยยิ่งขึ้น เสิร์ฟในปริมาณ 200 กรัม เหมาะสำหรับใส่ในหม้อชาบูเพื่อเพิ่มรสชาติ.', 1103, 175.00, 1000.00, 'g.', 30, 1203, 'processed/IMG_9996.JPG'),
(16, 'ลูกชิ้นปิงปอง', 'ลูกชิ้นปิงปอง(หมู) - ลูกชิ้นเนื้อแน่นเต็มคำ คัดสรรวัตถุดิบคุณภาพ เสริมรสชาติให้มื้อชาบูอร่อยยิ่งขึ้น เสิร์ฟในปริมาณ 200 กรัม เหมาะสำหรับใส่ในหม้อชาบูเพื่อเพิ่มรสชาติ.', 1103, 60.00, 1000.00, 'g.', 30, 1203, 'processed/IMG_9996.JPG'),
(17, 'ลูกชิ้นรักบี้', 'ลูกชิ้นรักบี้(ปลา) - ลูกชิ้นเนื้อแน่นเต็มคำ คัดสรรวัตถุดิบคุณภาพ เสริมรสชาติให้มื้อชาบูอร่อยยิ่งขึ้น เสิร์ฟในปริมาณ 200 กรัม  เหมาะสำหรับใส่ในหม้อชาบูเพื่อเพิ่มรสชาติ.', 1103, 87.00, 1000.00, 'g.', 30, 1203, 'processed/IMG_9996.JPG'),
(18, 'ฟองเต้าหู้ม้วนห่อสาหร่าย', 'ฟองเต้าหู้ม้วนห่อสาหร่าย  ปรุงรสมาอย่างดี ลวกในน้ำซุปแล้วรสชาติกลมกล่อม เสิร์ฟในปริมาณ 100 กรัม  ทานคู่กับผักสดและน้ำซุปเข้มข้นเพื่อรสชาติที่ลงตัว.', 1103, 79.00, 120.00, 'g.', 30, 1203, 'processed/IMG_9996.JPG'),
(19, 'คริสตัลไข่ปลา', 'คริสตัลไข่ปลา ปรุงรสมาอย่างดี ลวกในน้ำซุปแล้วรสชาติกลมกล่อม เสิร์ฟในปริมาณ 200 กรัม ทานคู่กับผักสดและน้ำซุปเข้มข้นเพื่อรสชาติที่ลงตัว.', 1103, 129.00, 500.00, 'g.', 30, 1203, 'processed/IMG_9996.JPG'),
(20, 'ลูกชิ้นกุ้ง', 'ลูกชิ้นกุ้ง - ลูกชิ้นเด้งๆ สูตรเฉพาะ นำไปลวกแล้วเพิ่มรสสัมผัสที่กรุบกรอบ เสิร์ฟในปริมาณ 200 กรัม  ทานคู่กับผักสดและน้ำซุปเข้มข้นเพื่อรสชาติที่ลงตัว.', 1103, 68.00, 500.00, 'g.', 30, 1203, 'processed/IMG_9996.JPG'),
(21, 'บะหมี่หยกไต้หวัน', 'บะหมี่หยกไต้หวัน  ปรุงรสมาอย่างดี ลวกในน้ำซุปแล้วรสชาติกลมกล่อม เสิร์ฟในปริมาณ 200 กรัม ทานคู่กับผักสดและน้ำซุปเข้มข้นเพื่อรสชาติที่ลงตัว.', 1103, 32.00, 500.00, 'g.', 30, 1203, 'processed/IMG_9996.JPG'),
(22, 'ซาลาเปาหมูแดง', 'ซาลาเปาหมูแดง 37 g/15 ลูก เสิร์ฟในปริมาณ 4 ลูกช่วยเพิ่มรสชาติให้มื้อชาบูด้วยสัมผัสที่แตกต่าง.', 1105, 135.00, 555.00, 'g.', 10, 1206, 'other/IMG_0001.JPG'),
(23, 'ซาลาเปาหมูสับ', 'ซาลาเปาหมูสับ37 g/15 ลูก  เสิร์ฟในปริมาณ 4 ลูก ช่วยเพิ่มรสชาติให้มื้อชาบูด้วยสัมผัสที่แตกต่าง.', 1105, 135.00, 555.00, 'g.', 10, 1206, 'other/IMG_0001.JPG'),
(24, 'ซาลาเปาไส้ครีม', 'ซาลาเปาไส้ครีม37 g/15 ลูก เสิร์ฟในปริมาณ 4 ลูก  เหมาะสำหรับทานคู่กับน้ำซุปเข้มข้น.', 1105, 130.00, 555.00, 'g.', 10, 1206, 'other/IMG_0001.JPG'),
(25, 'ซาลาเปาไส้ถั่วดำ', 'ซาลาเปาไส้ถั่วดำ34.6875g/16 ลูกเสิร์ฟในปริมาณ 4 ลูก ลวกในน้ำซุปแล้วทานกับเนื้อหรือผักเพื่อรสชาติที่สมบูรณ์.', 1105, 139.00, 555.00, 'g.', 10, 1206, 'other/IMG_0001.JPG'),
(26, 'ขนมจีบหมู', 'ขนมจีบหมู 16g/40 ชิ้น เสิร์ฟในปริมาณ 5 ลูก เหมาะสำหรับทานคู่กับน้ำซุปเข้มข้น.', 1105, 159.00, 640.00, 'g.', 10, 1206, 'other/IMG_0001.JPG'),
(27, 'ฮะเก๋า', 'ฮะเก๋า 18 g/24ชิ้น เสิร์ฟในปริมาณ5 ลูก ลวกในน้ำซุปแล้วทานกับเนื้อหรือผักเพื่อรสชาติที่สมบูรณ์.', 1105, 179.00, 432.00, 'g.', 10, 1206, 'other/IMG_0001.JPG'),
(28, 'เผือกทอด', 'เผือกทอด(เผือกหอม – เบอร์ใหญ่) เสิร์ฟในปริมาณ 200 กรัม  ช่วยเพิ่มรสชาติให้มื้อชาบูด้วยสัมผัสที่แตกต่าง.', 1105, 65.00, 1000.00, 'g.', 10, 1206, 'other/IMG_0001.JPG'),
(29, 'ปอเปี๊ยะทอด', 'ปอเปี๊ยะทอด 14.86g/28 ชิ้นเสิร์ฟในปริมาณ 4 ลูก ลวกในน้ำซุปแล้วทานกับเนื้อหรือผักเพื่อรสชาติที่สมบูรณ์.', 1105, 35.00, 500.00, 'g.', 10, 1206, 'other/IMG_0001.JPG'),
(30, 'ขนมจีบกุ้ง', 'ขนมจีบกุ้ง16 g/30 ชิ้น เสิร์ฟในปริมาณ5ลูกช่วยเพิ่มรสชาติให้มื้อชาบูด้วยสัมผัสที่แตกต่าง.', 1105, 189.00, 480.00, 'g.', 10, 1206, 'other/IMG_0001.JPG'),
(31, 'ขนมจีบปู', 'ขนมจีบปู16 g/30 ชิ้นเสิร์ฟในปริมาณ 5ลูก เหมาะสำหรับทานคู่กับน้ำซุปเข้มข้น.', 1105, 195.00, 480.00, 'g.', 10, 1206, 'other/IMG_0001.JPG'),
(32, 'เฟรนฟราย', 'เฟรนฟราย  เสิร์ฟในปริมาณ 200 กรัม เหมาะสำหรับทานคู่กับน้ำซุปเข้มข้น.', 1105, 63.00, 1000.00, 'g.', 10, 1206, 'other/IMG_0001.JPG'),
(33, 'เสี่ยวหลงเปาไส้หมู', 'เสี่ยวหลงเปาไส้หมู30g/15ชิ้น  เสิร์ฟในปริมาณ 2ลูก ช่วยเพิ่มรสชาติให้มื้อชาบูด้วยสัมผัสที่แตกต่าง.', 1105, 120.00, 450.00, 'g.', 10, 1206, 'other/IMG_0001.JPG'),
(34, 'น้ำแร่', 'น้ำแร่(มงเฟอ)1000ml/6 ขวดเสิร์ฟในปริมาณ 0.5 กรัม', 1105, 85.00, 6000.00, 'ml', 10, 1206, 'other/IMG_0001.JPG'),
(35, 'น้ำเก๊กฮวย', 'น้ำเก๊กฮวย350 ml/6ขวด เสิร์ฟในปริมาณ 0.5 กรัม', 1105, 71.00, 2100.00, 'ml', 10, 1206, 'other/IMG_0001.JPG'),
(36, 'น้ำอัดลม', 'น้ำอัดลม(แฟนต้า,โค้ก,สไปร,เป๊ปซี่)1250 ml/12ขวด เสิร์ฟในปริมาณ 0.5 กรัม', 1105, 20.00, 15000.00, 'ml', 10, 1206, 'other/IMG_0001.JPG'),
(37, 'ชาเขียวรสน้ำผึ้งมะนาว', 'ชาเขียวรสน้ำผึ้งมะนาว 500 ml/6ขวดเสิร์ฟในปริมาณ 0.5 กรัม', 1105, 30.00, 12000.00, 'ml\r\n', 10, 1206, 'other/IMG_0001.JPG'),
(38, 'น้ำชาเขียวรสแตงโม', 'น้ำชาเขียว รสแตงโม360ml/6ขวด เสิร์ฟในปริมาณ 0.5 กรัม', 1105, 30.00, 2160.00, 'ml', 10, 1206, 'other/IMG_0001.JPG'),
(39, 'น้ำส้ม', 'น้ำส้ม เสิร์ฟในปริมาณ 0.5 กรัม', 1105, 289.00, 5000.00, 'ml', 10, 1206, 'other/IMG_0001.JPG'),
(40, 'น้ำมะพร้าว ', 'น้ำมะพร้าว 360ml/6ขวด เสิร์ฟในปริมาณ 0.5 กรัม', 1105, 129.00, 2160.00, 'ml', 10, 1206, 'other/IMG_0001.JPG'),
(41, 'ชานมไข่มุก', 'ชานมไข่มุก 230ml/4ขวด เสิร์ฟในปริมาณ 0.5 กรัม', 1105, 85.00, 920.00, 'ml', 10, 1206, 'other/IMG_0001.JPG'),
(42, 'ทับทิมกรอบมะพร้าวอ่อน', 'ทับทิมกรอบมะพร้าวอ่อน160g/4ถุง  เสิร์ฟในปริมาณ 60 กรัม', 1105, 140.00, 640.00, 'g.', 10, 1206, 'other/IMG_0001.JPG'),
(43, 'บัวลอย', 'บัวลอย (ร้อน)160g/4ถุง  เสิร์ฟในปริมาณ 60 กรัม ', 1105, 115.00, 640.00, 'g.', 10, 1206, 'other/IMG_0001.JPG'),
(44, 'บัวลอยน้ำขิง', 'บัวลอยน้ำขิง140g/4ถุงๆ เสิร์ฟในปริมาณ 60 กรัม', 1105, 140.00, 560.00, 'g.', 10, 1206, 'other/IMG_0001.JPG'),
(45, 'บัวลอยไส้มันม่วง', 'บัวลอยไส้มันม่วง16g/30ชิ้น เสิร์ฟในปริมาณ 60 กรัม ', 1105, 170.00, 480.00, 'g.', 10, 1206, 'other/IMG_0001.JPG'),
(46, 'แตงโม', 'แตงโม(ซอนญ่า) 1ลูก - ผลไม้สด หวานฉ่ำ เหมาะสำหรับทานปิดท้ายมื้อชาบูเพื่อเพิ่มความสดชื่น เสิร์ฟในปริมาณ 200 กรัม', 1107, 137.00, 3000.00, 'g.', 7, 1205, 'Fruits/IMG_9989.JPG'),
(47, 'แอปเปิ้ล', 'แอปเปิ้ล(แดงฟูจิเบอร์ 125)4-8ลูก - ผลไม้คัดพิเศษ รสชาติกลมกล่อม เหมาะกับการล้างปากหลังทานอาหาร เสิร์ฟในปริมาณ 200 กรัม', 1107, 102.00, 500.00, 'g.', 7, 1205, 'Fruits/IMG_9989.JPG'),
(48, 'กล้วยน้ำว้า', 'กล้วย(น้ำว้าห่ามปนสุก) 1 หวี - ผลไม้สด หวานฉ่ำ เหมาะสำหรับทานปิดท้ายมื้อชาบูเพื่อเพิ่มความสดชื่น เสิร์ฟในปริมาณ 200 กรัม', 1107, 35.00, 700.00, 'g.', 7, 1205, 'Fruits/IMG_9989.JPG'),
(49, 'กีวี่ เขียว', 'กีวี่ เขียว(NewZealand) 27 ลูก - ผลไม้ตามฤดูกาล สดใหม่จากสวน รสชาติหวานธรรมชาติ เสิร์ฟในปริมาณ 200 กรัม', 1107, 1000.00, 10500.00, 'g.', 7, 1205, 'Fruits/IMG_9989.JPG'),
(50, 'ทับทิม', 'ทับทิม(แบล็คไดมอนด์) - ผลไม้ตามฤดูกาล สดใหม่จากสวน รสชาติหวานธรรมชาติ เสิร์ฟในปริมาณ 200 กรัม', 1107, 119.00, 1000.00, 'g.', 7, 1205, 'Fruits/IMG_9989.JPG'),
(51, 'สับปะรด', 'สับประรด(ปัตตาเวีย) 5 ลูก - ผลไม้สด หวานฉ่ำ เหมาะสำหรับทานปิดท้ายมื้อชาบูเพื่อเพิ่มความสดชื่น เสิร์ฟในปริมาณ 200 กรัม', 1107, 215.00, 1000.00, 'g.', 7, 1205, 'Fruits/IMG_9989.JPG'),
(52, 'แคนตาลูป', 'แคนตาลูป(ซันเลดี้ )1ลูก - ผลไม้สด หวานฉ่ำ เหมาะสำหรับทานปิดท้ายมื้อชาบูเพื่อเพิ่มความสดชื่น เสิร์ฟในปริมาณ 200 กรัม', 1107, 79.00, 1200.00, 'g.', 7, 1205, 'Fruits/IMG_9989.JPG'),
(53, 'แก้วมังกร', 'แก้วมังกร(เนื้อแดง ) - ผลไม้ตามฤดูกาล สดใหม่จากสวน รสชาติหวานธรรมชาติ เสิร์ฟในปริมาณ 200 กรัม', 1107, 210.00, 2000.00, 'g.', 7, 1205, 'Fruits/IMG_9989.JPG'),
(54, 'ส้ม', 'ส้ม(ซันควิกซ์) - ผลไม้สด หวานฉ่ำ เหมาะสำหรับทานปิดท้ายมื้อชาบูเพื่อเพิ่มความสดชื่น เสิร์ฟในปริมาณ 200 กรัม ', 1107, 220.00, 2000.00, 'g.', 7, 1205, 'Fruits/IMG_9989.JPG'),
(55, 'หมูนุ่มโรยงา', 'หมูนุ่มโรยงา - เนื้อสัตว์สดใหม่ คัดพิเศษ ลวกแค่ไม่กี่วินาทีในน้ำซุปก็พร้อมละลายในปาก เสิร์ฟในปริมาณ 100 กรัม ', 1102, 70.00, 5000.00, 'g.', 3, 1202, 'meat/Mix.jpg'),
(56, 'สันคอหมูสไลซ์', 'สันคอหมูสไลซ์ - เนื้อสัตว์สดใหม่ คัดพิเศษ ลวกแค่ไม่กี่วินาทีในน้ำซุปก็พร้อมละลายในปาก เสิร์ฟในปริมาณ 100 กรัม ', 1102, 189.00, 1000.00, 'g.', 3, 1202, 'meat/Mix.jpg'),
(57, 'สันคอคุโรบูตะสไลซ์', 'สันคอคุโรบูตะสไลซ์ - เนื้อคุณภาพระดับพรีเมียม สไลซ์บางกำลังดี เมื่อลวกในน้ำซุปจะให้รสชาติที่นุ่มละมุน เสิร์ฟในปริมาณ 100 กรัม ', 1102, 987.00, 3000.00, 'g.', 3, 1202, 'meat/Mix.jpg'),
(58, 'สามชั้นสไลซ์', 'สามชั้นสไลซ์ - เนื้อสัตว์สดใหม่ คัดพิเศษ ลวกแค่ไม่กี่วินาทีในน้ำซุปก็พร้อมละลายในปาก เสิร์ฟในปริมาณ 100 กรัม', 1102, 198.00, 1000.00, 'g.', 3, 1202, 'meat/Mix.jpg'),
(59, 'หมูบะช่อทรงเครื่อง', 'หมูบะช่อทรงเครื่อง - เนื้อคุณภาพระดับพรีเมียม สไลซ์บางกำลังดี เมื่อลวกในน้ำซุปจะให้รสชาติที่นุ่มละมุน เสิร์ฟในปริมาณ 100 กรัม ', 1102, 139.00, 1000.00, 'g.', 3, 1202, 'meat/Mix.jpg'),
(60, 'แมงกะพรุน', 'แมงกะพรุน - กุ้งสดตัวโต หวานกรอบ เมื่อลวกแล้วเนื้อแน่น เด้งอร่อย เสิร์ฟในปริมาณ 100 กรัม ', 1104, 125.00, 1000.00, 'g.', 2, 1204, ''),
(61, 'หอยเป๋าฮื้อ', 'หอยเป๋าฮื้อ 60g/1ตัว - กุ้งสดตัวโต หวานกรอบ เมื่อลวกแล้วเนื้อแน่น เด้งอร่อย เสิร์ฟในปริมาณ 100 กรัม ', 1104, 1500.00, 1000.00, 'g.', 2, 1204, ''),
(62, 'เนื้อปลาแพนกาเซียสดอลลี่', 'เนื้อปลาแพนกาเซียสดอลลี่ - ปลาหมึกสด หวานธรรมชาติ เมื่อลวกในน้ำซุปแล้วจะให้รสสัมผัสหนึบหนับ เสิร์ฟในปริมาณ 100 กรัม ', 1104, 75.00, 1000.00, 'g.', 2, 1204, ''),
(63, 'ปลาหมึกสด', 'ปลาหมึกสด - กุ้งสดตัวโต หวานกรอบ เมื่อลวกแล้วเนื้อแน่น เด้งอร่อย เสิร์ฟในปริมาณ 100 กรัม ', 1104, 149.00, 800.00, 'g.', 2, 1204, ''),
(64, 'เนื้อกุ้งขาว', 'เนื้อกุ้งขาว - อาหารทะเลสดใหม่ คัดจากแหล่งคุณภาพ เมื่อลวกในน้ำซุปให้รสชาติที่หอมหวานจากทะเล เสิร์ฟในปริมาณ 100 กรัม ', 1104, 225.00, 1000.00, 'g.', 2, 1204, ''),
(65, 'หอยแมลงภู่นิวซีแลนด์', 'หอยแมลงภู่นิวซีแลนด์ - อาหารทะเลสดใหม่ คัดจากแหล่งคุณภาพ เมื่อลวกในน้ำซุปให้รสชาติที่หอมหวานจากทะเล เสิร์ฟในปริมาณ 100 กรัม ', 1104, 329.00, 1000.00, 'g.', 2, 1204, ''),
(67, 'เนื้อบริสเกต AUS สไลซ์', 'เนื้อบริสเกต AUS สไลซ์ - เนื้อชั้นดี คัดจากส่วนที่มีไขมันแทรกกำลังดี เมื่อลวกแล้วให้รสชาติเข้มข้น เสิร์ฟในปริมาณ 100 กรัม ', 1102, 550.00, 1000.00, 'g.', 3, 1202, ''),
(68, 'เนื้อนำเข้าสันคอวัว Australia สไลซ์', 'เนื้อนำเข้าสันคอวัว Australia สไลซ์ - เนื้อสัตว์สดใหม่ คัดพิเศษ ลวกแค่ไม่กี่วินาทีในน้ำซุปก็พร้อมละลายในปาก เสิร์ฟในปริมาณ 100 กรัม ', 1102, 289.00, 500.00, 'g.', 3, 1202, ''),
(69, 'เนื้อวัวอเมริกาส่วนพื้นท้องสไลด์', 'เนื้อวัวอเมริกาส่วนพื้นท้องสไลด์ - เนื้อชั้นดี คัดจากส่วนที่มีไขมันแทรกกำลังดี เมื่อลวกแล้วให้รสชาติเข้มข้น เสิร์ฟในปริมาณ 100 กรัม', 1102, 830.00, 1000.00, 'g.', 3, 1202, ''),
(70, 'เนื้อพื้นท้องวัวออสเตรเลียสไลซ์แช่แข็ง', 'เนื้อพื้นท้องวัวออสเตรเลียสไลซ์แช่แข็ง - เนื้อสัตว์สดใหม่ คัดพิเศษ ลวกแค่ไม่กี่วินาทีในน้ำซุปก็พร้อมละลายในปาก เสิร์ฟในปริมาณ 100 กรัม', 1102, 289.00, 500.00, 'g.', 3, 1202, ''),
(71, 'เนื้อวากิวญี่ปุ่น A4', 'เนื้อวากิวญี่ปุ่น A4 - เนื้อสัตว์สดใหม่ คัดพิเศษ ลวกแค่ไม่กี่วินาทีในน้ำซุปก็พร้อมละลายในปาก เสิร์ฟในปริมาณ 100 กรัม', 1102, 2950.00, 1000.00, 'g.', 3, 1202, ''),
(72, 'เนื้อวากิวญี่ปุ่น A5', 'เนื้อวากิวญี่ปุ่น A5 - เนื้อชั้นดี คัดจากส่วนที่มีไขมันแทรกกำลังดี เมื่อลวกแล้วให้รสชาติเข้มข้น เสิร์ฟในปริมาณ 100 กรัม ', 1102, 3750.00, 1000.00, 'g.', 3, 1202, ''),
(73, 'น้ำซุปน้ำดำ', 'น้ำซุปน้ำดำ - น้ำซุปที่ผ่านการเคี่ยวนานหลายชั่วโมง หอมลึกซึ้ง และช่วยเพิ่มรสชาติให้กับทุกวัตถุดิบ เสิร์ฟในปริมาณ 600 กรัม ', 1106, 45.00, 300.00, 'g.', 5, 1207, 'Soups/Soup.JPG'),
(74, 'น้ำซุปหมาล่า', 'น้ำซุปหมาล่า - น้ำซุปที่ผ่านการเคี่ยวนานหลายชั่วโมง หอมลึกซึ้ง และช่วยเพิ่มรสชาติให้กับทุกวัตถุดิบ เสิร์ฟในปริมาณ 600 กรัม ', 1106, 55.00, 300.00, 'g.', 5, 1207, 'Soups/Soup.JPG'),
(75, 'น้ำซุปน้ำใส', 'น้ำซุปน้ำใส - น้ำซุปกลมกล่อม เคี่ยวจากวัตถุดิบคุณภาพ เหมาะสำหรับลวกเนื้อและผัก เสิร์ฟในปริมาณ 600 กรัม', 1106, 45.00, 300.00, 'g.', 5, 1207, 'Soups/Soup.JPG'),
(76, 'น้ำจิ้มสุกกี้', 'น้ำจิ้มสุกกี้(พันท้าย) - น้ำจิ้มพอนสึรสเปรี้ยวเค็มหวาน ช่วยเสริมรสชาติของเนื้อให้โดดเด่น เสิร์ฟในปริมาณ 45 กรัม ', 1108, 98.00, 800.00, 'g.', 15, 1208, 'Soups/S__7806992_upscayl_4x_realesrgan-x4plus.png'),
(77, 'น้ำจิ้ิ้มซีฟู๊ด', 'น้ำจิ้ิ้มซีฟู๊ด - น้ำจิ้มพอนสึรสเปรี้ยวเค็มหวาน ช่วยเสริมรสชาติของเนื้อให้โดดเด่น เสิร์ฟในปริมาณ 45 กรัม', 1108, 59.00, 335.00, 'g.', 15, 1208, ''),
(78, 'น้ำจิ้มงา', 'น้ำจิ้มงา - น้ำจิ้มสุกี้สูตรเข้มข้น รสชาติกลมกล่อม เพิ่มความอร่อยให้กับชาบู เสิร์ฟในปริมาณ 45 กรัม', 1108, 152.00, 850.00, 'g.', 15, 1208, 'Soups/S__7806992_upscayl_4x_realesrgan-x4plus.png'),
(79, 'พริกยอดสนแดง', 'พริกยอดสนแดง - น้ำจิ้มสุกี้สูตรเข้มข้น รสชาติกลมกล่อม เพิ่มความอร่อยให้กับชาบู เสิร์ฟในปริมาณ 15 กรัม', 1108, 50.00, 1000.00, 'g.', 15, 1208, 'Soups/S__7806992_upscayl_4x_realesrgan-x4plus.png'),
(80, 'กระเทียม', 'กระเทียม - น้ำจิ้มงาหอมมัน ผสมงาคั่วและเครื่องปรุงพิเศษ เสริมรสชาติให้เนื้อและผักอร่อยยิ่งขึ้น เสิร์ฟในปริมาณ 15 กรัม', 1108, 70.00, 1000.00, 'g.', 15, 1208, 'Soups/S__7806992_upscayl_4x_realesrgan-x4plus.png'),
(81, 'มะนาว', 'มะนาว (ml) 3 ขวด - น้ำจิ้มพอนสึรสเปรี้ยวเค็มหวาน ช่วยเสริมรสชาติของเนื้อให้โดดเด่น เสิร์ฟในปริมาณ 30 กรัม ', 1108, 69.00, 3000.00, 'g.', 15, 1208, 'Soups/S__7806992_upscayl_4x_realesrgan-x4plus.png');

-- --------------------------------------------------------

--
-- Table structure for table `receipt`
--

CREATE TABLE `receipt` (
  `receipt_id` int(11) NOT NULL,
  `payment_verification_id` int(11) NOT NULL,
  `employee_id` int(11) NOT NULL,
  `created_at` timestamp NOT NULL DEFAULT current_timestamp() ON UPDATE current_timestamp()
) ENGINE=InnoDB DEFAULT CHARSET=utf8mb4 COLLATE=utf8mb4_unicode_ci;

-- --------------------------------------------------------

--
-- Table structure for table `reservation`
--

CREATE TABLE `reservation` (
  `reservation_id` int(11) NOT NULL,
  `first_name` varchar(255) NOT NULL,
  `last_name` varchar(255) NOT NULL,
  `number_of_guest` int(11) NOT NULL,
  `status` enum('Comfirm','Cancel') NOT NULL,
  `time_update` timestamp NOT NULL DEFAULT current_timestamp() ON UPDATE current_timestamp(),
  `availability_id` int(11) NOT NULL
) ENGINE=InnoDB DEFAULT CHARSET=utf8mb4 COLLATE=utf8mb4_unicode_ci;

--
-- Dumping data for table `reservation`
--

INSERT INTO `reservation` (`reservation_id`, `first_name`, `last_name`, `number_of_guest`, `status`, `time_update`, `availability_id`) VALUES
(170771, 'สมหญิง', 'สุดสวย', 3, 'Comfirm', '2025-02-11 11:29:47', 420),
(333518, 'ชบา', 'ชื่นชม', 2, 'Comfirm', '2025-02-10 20:58:48', 116),
(490506, 'ชบา', 'ชื่นชม', 2, 'Cancel', '2025-02-11 06:35:46', 216),
(494181, 'วินัย', 'ทองโต', 3, 'Comfirm', '2025-02-12 09:43:21', 120),
(502000, 'ชบา', 'ชื่นชม', 2, 'Cancel', '2025-02-10 20:53:54', 116),
(563478, 'ดาวเรือง', 'พรศักดิ์ส่องแสง', 4, 'Comfirm', '2025-02-11 11:29:17', 316),
(573061, 'สมหมาย', 'สุดหล่อ', 5, 'Comfirm', '2025-02-11 10:18:40', 118),
(833076, 'ชบา', 'ชื่นชม', 2, 'Cancel', '2025-02-11 09:10:54', 316),
(865697, 'วินัย', 'ทองโต', 3, 'Comfirm', '2025-02-11 11:30:21', 1120),
(981784, 'ชบา', 'ชื่นชม', 2, 'Cancel', '2025-02-11 04:12:29', 216);

--
-- Triggers `reservation`
--
DELIMITER $$
CREATE TRIGGER `before_insert_reservation` BEFORE INSERT ON `reservation` FOR EACH ROW BEGIN
    SET NEW.reservation_id = LPAD(FLOOR(RAND() * 1000000), 6, '0');
END
$$
DELIMITER ;

-- --------------------------------------------------------

--
-- Table structure for table `review`
--

CREATE TABLE `review` (
  `review_id` int(11) NOT NULL,
  `receipt_id` int(11) NOT NULL,
  `comment_text` text NOT NULL,
  `tag_food_id` int(11) DEFAULT NULL,
  `tag_clean_id` int(11) DEFAULT NULL,
  `tag_price_id` int(11) DEFAULT NULL,
  `tag_service_id` int(11) DEFAULT NULL,
  `tag_other_id` int(11) DEFAULT NULL,
  `created_at` timestamp NOT NULL DEFAULT current_timestamp() ON UPDATE current_timestamp()
) ENGINE=InnoDB DEFAULT CHARSET=utf8mb4 COLLATE=utf8mb4_unicode_ci;

-- --------------------------------------------------------

--
-- Table structure for table `role`
--

CREATE TABLE `role` (
  `role_id` int(11) NOT NULL,
  `role_name` tinytext NOT NULL,
  `description` text NOT NULL,
  `permissions` longtext CHARACTER SET utf8mb4 COLLATE utf8mb4_bin NOT NULL CHECK (json_valid(`permissions`))
) ENGINE=InnoDB DEFAULT CHARSET=utf8mb4 COLLATE=utf8mb4_unicode_ci;

--
-- Dumping data for table `role`
--

INSERT INTO `role` (`role_id`, `role_name`, `description`, `permissions`) VALUES
(201, 'พนักงานทำความสะอาด', '00', '[\"clean_areas\", \"dispose_trash\"]'),
(202, 'พนักงานเสิร์ฟ', '00', '[\"serve_food\", \"take_orders\", \"handle_payments\"]'),
(203, 'พนักงานต้อนรับ', '00', '[\"greet_customers\", \"manage_reservations\", \"assign_seats\"]'),
(204, 'พนักงานคลัง', '00', '[\"manage_inventory\", \"receive_shipments\", \"track_stock\"]'),
(205, 'พนักงานครัว', '00', '[\"prepare_food\", \"manage_kitchen\", \"handle_ingredients\"]'),
(206, 'พนักงานเคาท์เตอร์', '00', '[\"process_payments\", \"handle_orders\", \"customer_service\"]');

-- --------------------------------------------------------

--
-- Table structure for table `selecting_item`
--

CREATE TABLE `selecting_item` (
  `selecting_item_id` int(11) NOT NULL,
  `getting_table_id` int(11) NOT NULL,
  `quanity` int(11) NOT NULL,
  `created_at` timestamp NOT NULL DEFAULT current_timestamp() ON UPDATE current_timestamp()
) ENGINE=InnoDB DEFAULT CHARSET=utf8mb4 COLLATE=utf8mb4_unicode_ci;

-- --------------------------------------------------------

--
-- Table structure for table `supplier`
--

CREATE TABLE `supplier` (
  `supplier_id` int(11) NOT NULL,
  `name` varchar(255) NOT NULL,
  `catagory_id` int(11) NOT NULL,
  `phone` int(11) NOT NULL,
  `email` varchar(255) NOT NULL,
  `location` text NOT NULL
) ENGINE=InnoDB DEFAULT CHARSET=utf8mb4 COLLATE=utf8mb4_unicode_ci;

-- --------------------------------------------------------

--
-- Table structure for table `table`
--

CREATE TABLE `table` (
  `table_id` int(11) NOT NULL,
  `table_type_id` int(11) NOT NULL,
  `location` varchar(255) NOT NULL
) ENGINE=InnoDB DEFAULT CHARSET=utf8mb4 COLLATE=utf8mb4_unicode_ci;

--
-- Dumping data for table `table`
--

INSERT INTO `table` (`table_id`, `table_type_id`, `location`) VALUES
(1, 104, 'หน้าชั้นวางเมนู'),
(2, 110, 'หน้าชั้นวางเมนู'),
(3, 110, 'หน้าชั้นวางเมนู'),
(4, 110, 'หน้าชั้นวางเมนู'),
(5, 104, 'เดินตรงเข้าไป ในสุด ใกล้ชั้นวางเมนู'),
(6, 104, 'ถัดจากโต๊ะ 5'),
(7, 104, 'ถัดจากโต๊ะ 6'),
(8, 104, 'ถัดจากโต๊ะ 7'),
(9, 104, 'ถัดจากโต๊ะ 8'),
(10, 104, 'ทางด้านขวาของร้าน ใกล้โต๊ะ 5'),
(11, 104, 'ทางด้านขวาของร้าน ใกล้โต๊ะ 6'),
(12, 104, 'ทางด้านขวาของร้าน ใกล้โต๊ะ 7'),
(13, 104, 'ทางด้านขวาของร้าน ใกล้โต๊ะ 8'),
(14, 104, 'ทางด้านขวาของร้าน ใกล้โต๊ะ 9'),
(15, 104, 'ติดกำแพงด้านขวา หน้าแคชเชียร์'),
(16, 104, 'ติดกำแพงด้านขวา ถัดจากโต๊ะ 15'),
(17, 104, 'ติดกำแพงด้านขวา ถัดจากโต๊ะ 16'),
(18, 104, 'ติดกำแพงด้านขวา ถัดจากโต๊ะ 17'),
(19, 104, 'ติดกำแพงด้านขวา ถัดจากโต๊ะ 18'),
(20, 104, 'ติดกำแพงด้านขวา ถัดจากโต๊ะ 19');

-- --------------------------------------------------------

--
-- Table structure for table `table_availability`
--

CREATE TABLE `table_availability` (
  `availability_id` int(11) NOT NULL,
  `table_id` int(11) NOT NULL,
  `time_id` int(11) NOT NULL,
  `status` enum('Free','Busy') NOT NULL,
  `last_update` timestamp NOT NULL DEFAULT current_timestamp() ON UPDATE current_timestamp()
) ENGINE=InnoDB DEFAULT CHARSET=utf8mb4 COLLATE=utf8mb4_unicode_ci;

--
-- Dumping data for table `table_availability`
--

INSERT INTO `table_availability` (`availability_id`, `table_id`, `time_id`, `status`, `last_update`) VALUES
(116, 1, 1001, 'Free', '0000-00-00 00:00:00'),
(118, 1, 1002, 'Free', '0000-00-00 00:00:00'),
(120, 1, 1003, 'Free', '0000-00-00 00:00:00'),
(122, 1, 1004, 'Free', '0000-00-00 00:00:00'),
(124, 1, 1005, 'Free', '0000-00-00 00:00:00'),
(216, 2, 1001, 'Free', '0000-00-00 00:00:00'),
(218, 2, 1002, 'Free', '0000-00-00 00:00:00'),
(220, 2, 1003, 'Free', '0000-00-00 00:00:00'),
(222, 2, 1004, 'Free', '0000-00-00 00:00:00'),
(224, 2, 1005, 'Free', '0000-00-00 00:00:00'),
(316, 3, 1001, 'Free', '2025-02-11 09:11:35'),
(318, 3, 1002, 'Free', '0000-00-00 00:00:00'),
(320, 3, 1003, 'Free', '0000-00-00 00:00:00'),
(322, 3, 1004, 'Free', '0000-00-00 00:00:00'),
(324, 3, 1005, 'Free', '0000-00-00 00:00:00'),
(416, 4, 1001, 'Free', '0000-00-00 00:00:00'),
(418, 4, 1002, 'Free', '0000-00-00 00:00:00'),
(420, 4, 1003, 'Free', '0000-00-00 00:00:00'),
(422, 4, 1004, 'Free', '0000-00-00 00:00:00'),
(424, 4, 1005, 'Free', '0000-00-00 00:00:00'),
(516, 5, 1001, 'Free', '0000-00-00 00:00:00'),
(518, 5, 1002, 'Free', '0000-00-00 00:00:00'),
(520, 5, 1003, 'Free', '0000-00-00 00:00:00'),
(522, 5, 1004, 'Free', '0000-00-00 00:00:00'),
(524, 5, 1005, 'Free', '0000-00-00 00:00:00'),
(616, 6, 1001, 'Free', '0000-00-00 00:00:00'),
(618, 6, 1002, 'Free', '0000-00-00 00:00:00'),
(620, 6, 1003, 'Free', '0000-00-00 00:00:00'),
(622, 6, 1004, 'Free', '0000-00-00 00:00:00'),
(624, 6, 1005, 'Free', '0000-00-00 00:00:00'),
(716, 7, 1001, 'Free', '0000-00-00 00:00:00'),
(718, 7, 1002, 'Free', '0000-00-00 00:00:00'),
(720, 7, 1003, 'Free', '0000-00-00 00:00:00'),
(722, 7, 1004, 'Free', '0000-00-00 00:00:00'),
(724, 7, 1005, 'Free', '0000-00-00 00:00:00'),
(816, 8, 1001, 'Free', '0000-00-00 00:00:00'),
(818, 8, 1002, 'Free', '0000-00-00 00:00:00'),
(820, 8, 1003, 'Free', '0000-00-00 00:00:00'),
(822, 8, 1004, 'Free', '0000-00-00 00:00:00'),
(824, 8, 1005, 'Free', '0000-00-00 00:00:00'),
(916, 9, 1001, 'Free', '0000-00-00 00:00:00'),
(918, 9, 1002, 'Free', '0000-00-00 00:00:00'),
(920, 9, 1003, 'Free', '0000-00-00 00:00:00'),
(922, 9, 1004, 'Free', '0000-00-00 00:00:00'),
(924, 9, 1005, 'Free', '0000-00-00 00:00:00'),
(1016, 10, 1001, 'Free', '0000-00-00 00:00:00'),
(1018, 10, 1002, 'Free', '0000-00-00 00:00:00'),
(1020, 10, 1003, 'Free', '0000-00-00 00:00:00'),
(1022, 10, 1004, 'Free', '0000-00-00 00:00:00'),
(1024, 10, 1005, 'Free', '0000-00-00 00:00:00'),
(1116, 11, 1001, 'Free', '0000-00-00 00:00:00'),
(1118, 11, 1002, 'Free', '0000-00-00 00:00:00'),
(1120, 11, 1003, 'Free', '0000-00-00 00:00:00'),
(1122, 11, 1004, 'Free', '0000-00-00 00:00:00'),
(1124, 11, 1005, 'Free', '0000-00-00 00:00:00'),
(1216, 12, 1001, 'Free', '0000-00-00 00:00:00'),
(1218, 12, 1002, 'Free', '0000-00-00 00:00:00'),
(1220, 12, 1003, 'Free', '0000-00-00 00:00:00'),
(1222, 12, 1004, 'Free', '0000-00-00 00:00:00'),
(1224, 12, 1005, 'Free', '0000-00-00 00:00:00'),
(1316, 13, 1001, 'Free', '0000-00-00 00:00:00'),
(1318, 13, 1002, 'Free', '0000-00-00 00:00:00'),
(1320, 13, 1003, 'Free', '0000-00-00 00:00:00'),
(1322, 13, 1004, 'Free', '0000-00-00 00:00:00'),
(1324, 13, 1005, 'Free', '0000-00-00 00:00:00'),
(1416, 14, 1001, 'Free', '0000-00-00 00:00:00'),
(1418, 14, 1002, 'Free', '0000-00-00 00:00:00'),
(1420, 14, 1003, 'Free', '0000-00-00 00:00:00'),
(1422, 14, 1004, 'Free', '0000-00-00 00:00:00'),
(1424, 14, 1005, 'Free', '0000-00-00 00:00:00'),
(1516, 15, 1001, 'Free', '0000-00-00 00:00:00'),
(1518, 15, 1002, 'Free', '0000-00-00 00:00:00'),
(1520, 15, 1003, 'Free', '0000-00-00 00:00:00'),
(1522, 15, 1004, 'Free', '0000-00-00 00:00:00'),
(1524, 15, 1005, 'Free', '0000-00-00 00:00:00'),
(1616, 16, 1001, 'Free', '0000-00-00 00:00:00'),
(1618, 16, 1002, 'Free', '0000-00-00 00:00:00'),
(1620, 16, 1003, 'Free', '0000-00-00 00:00:00'),
(1622, 16, 1004, 'Free', '0000-00-00 00:00:00'),
(1624, 16, 1005, 'Free', '0000-00-00 00:00:00'),
(1716, 17, 1001, 'Free', '0000-00-00 00:00:00'),
(1718, 17, 1002, 'Free', '0000-00-00 00:00:00'),
(1720, 17, 1003, 'Free', '0000-00-00 00:00:00'),
(1722, 17, 1004, 'Free', '0000-00-00 00:00:00'),
(1724, 17, 1005, 'Busy', '0000-00-00 00:00:00'),
(1816, 18, 1001, 'Free', '0000-00-00 00:00:00'),
(1818, 18, 1002, 'Free', '0000-00-00 00:00:00'),
(1820, 18, 1003, 'Free', '0000-00-00 00:00:00'),
(1822, 18, 1004, 'Free', '0000-00-00 00:00:00'),
(1824, 18, 1005, 'Free', '0000-00-00 00:00:00'),
(1916, 19, 1001, 'Free', '0000-00-00 00:00:00'),
(1918, 19, 1002, 'Free', '0000-00-00 00:00:00'),
(1920, 19, 1003, 'Free', '0000-00-00 00:00:00'),
(1922, 19, 1004, 'Free', '0000-00-00 00:00:00'),
(1924, 19, 1005, 'Free', '0000-00-00 00:00:00'),
(2016, 20, 1001, 'Free', '0000-00-00 00:00:00'),
(2018, 20, 1002, 'Free', '0000-00-00 00:00:00'),
(2020, 20, 1003, 'Busy', '0000-00-00 00:00:00'),
(2022, 20, 1004, 'Free', '0000-00-00 00:00:00'),
(2024, 20, 1005, 'Free', '0000-00-00 00:00:00');

-- --------------------------------------------------------

--
-- Table structure for table `table_type`
--

CREATE TABLE `table_type` (
  `table_type_id` int(11) NOT NULL,
  `table_type_name` varchar(255) NOT NULL,
  `capacity` int(11) NOT NULL
) ENGINE=InnoDB DEFAULT CHARSET=utf8mb4 COLLATE=utf8mb4_unicode_ci;

--
-- Dumping data for table `table_type`
--

INSERT INTO `table_type` (`table_type_id`, `table_type_name`, `capacity`) VALUES
(104, 'โต๊ะเล็ก', 4),
(110, 'โต๊ะใหญ่', 10);

-- --------------------------------------------------------

--
-- Table structure for table `tag_clean`
--

CREATE TABLE `tag_clean` (
  `tag_clean_id` int(11) NOT NULL,
  `tag_name` varchar(255) NOT NULL,
  `rating` int(11) NOT NULL
) ENGINE=InnoDB DEFAULT CHARSET=utf8mb4 COLLATE=utf8mb4_unicode_ci;

--
-- Dumping data for table `tag_clean`
--

INSERT INTO `tag_clean` (`tag_clean_id`, `tag_name`, `rating`) VALUES
(1, 'สะอาดมาก', 5),
(2, 'โต๊ะสะอาด', 5),
(3, 'อุปกรณ์ครบ สะอาด', 5),
(4, 'มีระบบทำความสะอาดดี', 5),
(5, 'มีพนักงานเช็ดโต๊ะบ่อย', 4),
(6, 'หม้อมีคราบเล็กน้อย', 3),
(7, 'พื้นร้านลื่นเล็กน้อย', 2),
(8, 'โต๊ะไม่เช็ดให้ก่อนนั่ง', 2),
(9, 'ช้อน-ตะเกียบไม่สะอาด', 1),
(10, 'จานชามมีกลิ่น', 1);

-- --------------------------------------------------------

--
-- Table structure for table `tag_food`
--

CREATE TABLE `tag_food` (
  `tag_food_id` int(11) NOT NULL,
  `tag_name` varchar(255) NOT NULL,
  `rating` int(11) NOT NULL
) ENGINE=InnoDB DEFAULT CHARSET=utf8mb4 COLLATE=utf8mb4_unicode_ci;

--
-- Dumping data for table `tag_food`
--

INSERT INTO `tag_food` (`tag_food_id`, `tag_name`, `rating`) VALUES
(11, 'คุณภาพเนื้อดี', 5),
(12, 'ผักสดสะอาด', 5),
(13, 'น้ำซุปอร่อย', 5),
(14, 'น้ำจิ้มเด็ด', 5),
(15, 'อาหารหลากหลาย', 4),
(16, 'เติมของช้า ', 3),
(17, 'อาหารบางอย่างหมดไว', 3),
(18, 'ของไม่สด', 2),
(19, 'เนื้อหมดอายุ', 1),
(20, 'ผักไม่ล้าง', 1);

-- --------------------------------------------------------

--
-- Table structure for table `tag_other`
--

CREATE TABLE `tag_other` (
  `tag_other_id` int(11) NOT NULL,
  `tag_name` varchar(255) NOT NULL,
  `rating` int(11) NOT NULL
) ENGINE=InnoDB DEFAULT CHARSET=utf8mb4 COLLATE=utf8mb4_unicode_ci;

--
-- Dumping data for table `tag_other`
--

INSERT INTO `tag_other` (`tag_other_id`, `tag_name`, `rating`) VALUES
(41, 'บรรยากาศดี', 5),
(42, 'มีที่จอดรถ', 5),
(43, 'มีโต๊ะเยอะ', 5),
(44, 'นั่งสบาย ไม่อึดอัด', 5),
(45, 'เปิดเพลงเพราะ', 4),
(46, 'คนเยอะ รอคิวนาน', 3),
(47, 'ไม่มีที่จอดรถ', 3),
(48, 'เสียงดังไปหน่อย', 2),
(49, 'แอร์ร้อน', 1),
(50, 'ควันเยอะ กลิ่นติดตัว', 1);

-- --------------------------------------------------------

--
-- Table structure for table `tag_price`
--

CREATE TABLE `tag_price` (
  `tag_price_id` int(11) NOT NULL,
  `tag_name` varchar(255) NOT NULL,
  `rating` int(11) NOT NULL
) ENGINE=InnoDB DEFAULT CHARSET=utf8mb4 COLLATE=utf8mb4_unicode_ci;

--
-- Dumping data for table `tag_price`
--

INSERT INTO `tag_price` (`tag_price_id`, `tag_name`, `rating`) VALUES
(21, 'คุ้มค่ามาก', 5),
(22, 'อร่อย ราคาดี', 5),
(23, 'บุฟเฟ่ต์ราคาถูก', 5),
(24, 'โปรโมชั่นคุ้ม', 5),
(25, 'อาหารสมราคา', 4),
(26, 'มีค่าบริการเพิ่ม', 3),
(27, 'แอบแพงไปนิด', 0),
(28, 'เทียบกับคุณภาพไม่คุ้ม', 2),
(29, 'ราคาแพงเกินไป', 1),
(30, 'คิดเงินเกิน', 1);

-- --------------------------------------------------------

--
-- Table structure for table `tag_service`
--

CREATE TABLE `tag_service` (
  `tag_service_id` int(11) NOT NULL,
  `tag_name` varchar(255) NOT NULL,
  `rating` int(11) NOT NULL
) ENGINE=InnoDB DEFAULT CHARSET=utf8mb4 COLLATE=utf8mb4_unicode_ci;

--
-- Dumping data for table `tag_service`
--

INSERT INTO `tag_service` (`tag_service_id`, `tag_name`, `rating`) VALUES
(31, 'บริการดีมาก', 5),
(32, ' ยิ้มแย้มแจ่มใส', 5),
(33, 'ดูแลลูกค้าดี', 5),
(34, ' เรียกแล้วมาตลอด', 5),
(35, 'เติมน้ำซุปให้เอง', 4),
(36, 'พนักงานน้อยเกินไป', 3),
(37, 'บริการช้า', 3),
(38, 'เรียกแล้วไม่สนใจ', 1),
(39, 'หน้าตึงไม่พูดจา', 1),
(40, 'พนักงานหงุดหงิดใส่ลูกค้า', 1);

-- --------------------------------------------------------

--
-- Table structure for table `time_reserversion`
--

CREATE TABLE `time_reserversion` (
  `time_id` int(11) NOT NULL,
  `time` varchar(255) NOT NULL
) ENGINE=InnoDB DEFAULT CHARSET=utf8mb4 COLLATE=utf8mb4_unicode_ci;

--
-- Dumping data for table `time_reserversion`
--

INSERT INTO `time_reserversion` (`time_id`, `time`) VALUES
(1001, '16.00'),
(1002, '18.00'),
(1003, '20.00'),
(1004, '22.00'),
(1005, '00.00');

-- --------------------------------------------------------

--
-- Table structure for table `walkin`
--

CREATE TABLE `walkin` (
  `walkin_id` int(11) NOT NULL,
  `frist_name` varchar(255) NOT NULL,
  `last_name` varchar(255) NOT NULL,
  `availability_id` int(11) NOT NULL,
  `number_of_gest` int(11) NOT NULL,
  `time_start` timestamp NOT NULL DEFAULT current_timestamp() ON UPDATE current_timestamp(),
  `time_out` timestamp NOT NULL DEFAULT current_timestamp() ON UPDATE current_timestamp(),
  `package_id` int(11) NOT NULL,
  `promotion_id` int(11) NOT NULL
) ENGINE=InnoDB DEFAULT CHARSET=utf8mb4 COLLATE=utf8mb4_unicode_ci;

-- --------------------------------------------------------

--
-- Table structure for table `warehouse`
--

CREATE TABLE `warehouse` (
  `warehouse_id` int(11) NOT NULL,
  `name` varchar(255) NOT NULL,
  `locations` text NOT NULL,
  `capacity` int(11) NOT NULL,
  `supplier_id` int(11) NOT NULL,
  `discription` varchar(255) NOT NULL,
  `created_at` timestamp NOT NULL DEFAULT current_timestamp() ON UPDATE current_timestamp()
) ENGINE=InnoDB DEFAULT CHARSET=utf8mb4 COLLATE=utf8mb4_unicode_ci;

--
-- Dumping data for table `warehouse`
--

INSERT INTO `warehouse` (`warehouse_id`, `name`, `locations`, `capacity`, `supplier_id`, `discription`, `created_at`) VALUES
(1201, 'ตู้แช่ผัก', 'จ.พิษณุโลก', 0, 0, '', '2025-02-17 09:14:29'),
(1202, 'ตู้แช่เนื้อสัตว์', 'จ.พิษณุโลก', 0, 0, '', '2025-02-17 09:14:29'),
(1203, 'ตู้แช่อาหารแปรรูป', 'จ.พิษณุโลก', 0, 0, '', '2025-02-17 09:14:29'),
(1204, 'ตู้แช่อาหารทะเล', 'จ.พิษณุโลก', 0, 0, '', '2025-02-17 09:14:29'),
(1205, 'ตู้แช่ผลไม้', 'จ.พิษณุโลก', 0, 0, '', '2025-02-17 09:14:29'),
(1206, 'ตู้แช่อื่นๆ', 'จ.พิษณุโลก', 0, 0, '', '2025-02-17 09:14:29'),
(1207, 'ตู้แช่น้ำซุป', 'จ.พิษณุโลก', 0, 0, '', '2025-02-17 09:14:29'),
(1208, 'ตู้แช่น้ำจิ้ม', 'จ.พิษณุโลก', 0, 0, '', '2025-02-17 09:14:29');

--
-- Indexes for dumped tables
--

--
-- Indexes for table `catagory`
--
ALTER TABLE `catagory`
  ADD PRIMARY KEY (`category_id`);

--
-- Indexes for table `employee`
--
ALTER TABLE `employee`
  ADD PRIMARY KEY (`employee_id`),
  ADD KEY `role_id` (`role_id`);

--
-- Indexes for table `getting_table`
--
ALTER TABLE `getting_table`
  ADD PRIMARY KEY (`getting_table_id`),
  ADD KEY `reservation_id` (`reservation_id`),
  ADD KEY `employee_id` (`employee_id`),
  ADD KEY `package_id` (`package_id`),
  ADD KEY `walkin_id` (`walkin_id`),
  ADD KEY `promotion_id` (`promotion_id`);

--
-- Indexes for table `member`
--
ALTER TABLE `member`
  ADD PRIMARY KEY (`member_id`);

--
-- Indexes for table `menu`
--
ALTER TABLE `menu`
  ADD PRIMARY KEY (`menu_id`),
  ADD KEY `raw_materia_id` (`raw_materia_id`);

--
-- Indexes for table `menu_selection`
--
ALTER TABLE `menu_selection`
  ADD PRIMARY KEY (`select_menu_id`);

--
-- Indexes for table `notification`
--
ALTER TABLE `notification`
  ADD PRIMARY KEY (`Notification`);

--
-- Indexes for table `notification_order`
--
ALTER TABLE `notification_order`
  ADD PRIMARY KEY (`notifine_order_id`);

--
-- Indexes for table `order`
--
ALTER TABLE `order`
  ADD PRIMARY KEY (`order_id`),
  ADD KEY `select_menu_id` (`select_menu_id`);

--
-- Indexes for table `package`
--
ALTER TABLE `package`
  ADD PRIMARY KEY (`package_id`);

--
-- Indexes for table `package_item`
--
ALTER TABLE `package_item`
  ADD PRIMARY KEY (`package_item_id`),
  ADD KEY `package_id` (`package_id`),
  ADD KEY `menu_item_id` (`menu_item_id`);

--
-- Indexes for table `payment`
--
ALTER TABLE `payment`
  ADD PRIMARY KEY (`payment_id`),
  ADD KEY `fk_getting_table` (`getting_table_id`),
  ADD KEY `promotion_id` (`promotion_id`);

--
-- Indexes for table `payment_verificatio`
--
ALTER TABLE `payment_verificatio`
  ADD PRIMARY KEY (`payment_verification_id`),
  ADD KEY `payment_id` (`payment_id`);

--
-- Indexes for table `promotion`
--
ALTER TABLE `promotion`
  ADD PRIMARY KEY (`promotion_id`);

--
-- Indexes for table `promotion_item`
--
ALTER TABLE `promotion_item`
  ADD PRIMARY KEY (`promotion_item_id`),
  ADD KEY `promotion_id` (`promotion_id`),
  ADD KEY `inventory_id` (`inventory_id`);

--
-- Indexes for table `raw_material`
--
ALTER TABLE `raw_material`
  ADD PRIMARY KEY (`raw_material_id`),
  ADD KEY `category_id` (`category_id`),
  ADD KEY `warehouse_id` (`warehouse_id`);

--
-- Indexes for table `receipt`
--
ALTER TABLE `receipt`
  ADD PRIMARY KEY (`receipt_id`),
  ADD KEY `payment_verification_id` (`payment_verification_id`),
  ADD KEY `employee_id` (`employee_id`);

--
-- Indexes for table `reservation`
--
ALTER TABLE `reservation`
  ADD PRIMARY KEY (`reservation_id`),
  ADD KEY `availability_id` (`availability_id`);

--
-- Indexes for table `review`
--
ALTER TABLE `review`
  ADD PRIMARY KEY (`review_id`),
  ADD KEY `receipt_id` (`receipt_id`),
  ADD KEY `tag_id` (`tag_food_id`),
  ADD KEY `tag_clean` (`tag_clean_id`),
  ADD KEY `tag_price` (`tag_price_id`),
  ADD KEY `tag_service` (`tag_service_id`),
  ADD KEY `tag_other_id` (`tag_other_id`);

--
-- Indexes for table `role`
--
ALTER TABLE `role`
  ADD PRIMARY KEY (`role_id`);

--
-- Indexes for table `selecting_item`
--
ALTER TABLE `selecting_item`
  ADD PRIMARY KEY (`selecting_item_id`),
  ADD KEY `getting_table_id` (`getting_table_id`);

--
-- Indexes for table `supplier`
--
ALTER TABLE `supplier`
  ADD PRIMARY KEY (`supplier_id`),
  ADD KEY `catagory_id` (`catagory_id`);

--
-- Indexes for table `table`
--
ALTER TABLE `table`
  ADD PRIMARY KEY (`table_id`),
  ADD KEY `table_type_id` (`table_type_id`);

--
-- Indexes for table `table_availability`
--
ALTER TABLE `table_availability`
  ADD PRIMARY KEY (`availability_id`),
  ADD KEY `table_id` (`table_id`),
  ADD KEY `time_id` (`time_id`);

--
-- Indexes for table `table_type`
--
ALTER TABLE `table_type`
  ADD PRIMARY KEY (`table_type_id`);

--
-- Indexes for table `tag_clean`
--
ALTER TABLE `tag_clean`
  ADD PRIMARY KEY (`tag_clean_id`);

--
-- Indexes for table `tag_food`
--
ALTER TABLE `tag_food`
  ADD PRIMARY KEY (`tag_food_id`);

--
-- Indexes for table `tag_other`
--
ALTER TABLE `tag_other`
  ADD PRIMARY KEY (`tag_other_id`);

--
-- Indexes for table `tag_price`
--
ALTER TABLE `tag_price`
  ADD PRIMARY KEY (`tag_price_id`);

--
-- Indexes for table `tag_service`
--
ALTER TABLE `tag_service`
  ADD PRIMARY KEY (`tag_service_id`);

--
-- Indexes for table `time_reserversion`
--
ALTER TABLE `time_reserversion`
  ADD PRIMARY KEY (`time_id`);

--
-- Indexes for table `walkin`
--
ALTER TABLE `walkin`
  ADD PRIMARY KEY (`walkin_id`),
  ADD KEY `availability_id` (`availability_id`),
  ADD KEY `package_id` (`package_id`),
  ADD KEY `promotion_id` (`promotion_id`);

--
-- Indexes for table `warehouse`
--
ALTER TABLE `warehouse`
  ADD PRIMARY KEY (`warehouse_id`),
  ADD KEY `supplier_id` (`supplier_id`);

--
-- AUTO_INCREMENT for dumped tables
--

--
-- AUTO_INCREMENT for table `employee`
--
ALTER TABLE `employee`
  MODIFY `employee_id` int(11) NOT NULL AUTO_INCREMENT, AUTO_INCREMENT=7;

--
-- AUTO_INCREMENT for table `getting_table`
--
ALTER TABLE `getting_table`
  MODIFY `getting_table_id` int(11) NOT NULL AUTO_INCREMENT, AUTO_INCREMENT=804225;

--
-- AUTO_INCREMENT for table `menu_selection`
--
ALTER TABLE `menu_selection`
  MODIFY `select_menu_id` int(11) NOT NULL AUTO_INCREMENT;

--
-- AUTO_INCREMENT for table `notification`
--
ALTER TABLE `notification`
  MODIFY `Notification` int(11) NOT NULL AUTO_INCREMENT;

--
-- AUTO_INCREMENT for table `notification_order`
--
ALTER TABLE `notification_order`
  MODIFY `notifine_order_id` int(11) NOT NULL AUTO_INCREMENT;

--
-- AUTO_INCREMENT for table `order`
--
ALTER TABLE `order`
  MODIFY `order_id` int(11) NOT NULL AUTO_INCREMENT;

--
-- AUTO_INCREMENT for table `payment`
--
ALTER TABLE `payment`
  MODIFY `payment_id` int(11) NOT NULL AUTO_INCREMENT;

--
-- AUTO_INCREMENT for table `payment_verificatio`
--
ALTER TABLE `payment_verificatio`
  MODIFY `payment_verification_id` int(11) NOT NULL AUTO_INCREMENT;

--
-- AUTO_INCREMENT for table `promotion`
--
ALTER TABLE `promotion`
  MODIFY `promotion_id` int(11) NOT NULL AUTO_INCREMENT;

--
-- AUTO_INCREMENT for table `raw_material`
--
ALTER TABLE `raw_material`
  MODIFY `raw_material_id` int(11) NOT NULL AUTO_INCREMENT, AUTO_INCREMENT=82;

--
-- AUTO_INCREMENT for table `receipt`
--
ALTER TABLE `receipt`
  MODIFY `receipt_id` int(11) NOT NULL AUTO_INCREMENT;

--
-- AUTO_INCREMENT for table `reservation`
--
ALTER TABLE `reservation`
  MODIFY `reservation_id` int(11) NOT NULL AUTO_INCREMENT, AUTO_INCREMENT=981785;

--
-- AUTO_INCREMENT for table `review`
--
ALTER TABLE `review`
  MODIFY `review_id` int(11) NOT NULL AUTO_INCREMENT;

--
-- AUTO_INCREMENT for table `selecting_item`
--
ALTER TABLE `selecting_item`
  MODIFY `selecting_item_id` int(11) NOT NULL AUTO_INCREMENT;

--
-- AUTO_INCREMENT for table `table_availability`
--
ALTER TABLE `table_availability`
  MODIFY `availability_id` int(11) NOT NULL AUTO_INCREMENT, AUTO_INCREMENT=2025;

--
-- AUTO_INCREMENT for table `walkin`
--
ALTER TABLE `walkin`
  MODIFY `walkin_id` int(11) NOT NULL AUTO_INCREMENT;

--
-- Constraints for dumped tables
--

--
-- Constraints for table `employee`
--
ALTER TABLE `employee`
  ADD CONSTRAINT `fk_role_id` FOREIGN KEY (`role_id`) REFERENCES `role` (`role_id`);

--
-- Constraints for table `getting_table`
--
ALTER TABLE `getting_table`
  ADD CONSTRAINT `fk_employee` FOREIGN KEY (`employee_id`) REFERENCES `employee` (`employee_id`),
  ADD CONSTRAINT `fk_package` FOREIGN KEY (`package_id`) REFERENCES `package` (`package_id`) ON DELETE CASCADE ON UPDATE CASCADE,
  ADD CONSTRAINT `fk_promotion` FOREIGN KEY (`promotion_id`) REFERENCES `promotion` (`promotion_id`) ON DELETE CASCADE ON UPDATE CASCADE,
  ADD CONSTRAINT `fk_reservation` FOREIGN KEY (`reservation_id`) REFERENCES `reservation` (`reservation_id`);

--
-- Constraints for table `menu`
--
ALTER TABLE `menu`
  ADD CONSTRAINT `fk_raw_materia` FOREIGN KEY (`raw_materia_id`) REFERENCES `raw_material` (`raw_material_id`) ON DELETE CASCADE ON UPDATE CASCADE;

--
-- Constraints for table `order`
--
ALTER TABLE `order`
  ADD CONSTRAINT `fk_select_item` FOREIGN KEY (`select_menu_id`) REFERENCES `selecting_item` (`selecting_item_id`);

--
-- Constraints for table `package_item`
--
ALTER TABLE `package_item`
  ADD CONSTRAINT `fk_menu` FOREIGN KEY (`menu_item_id`) REFERENCES `raw_material` (`raw_material_id`);

--
-- Constraints for table `payment`
--
ALTER TABLE `payment`
  ADD CONSTRAINT `fk_getting_table` FOREIGN KEY (`getting_table_id`) REFERENCES `getting_table` (`getting_table_id`);

--
-- Constraints for table `payment_verificatio`
--
ALTER TABLE `payment_verificatio`
  ADD CONSTRAINT `fk_payment` FOREIGN KEY (`payment_id`) REFERENCES `payment` (`payment_id`);

--
-- Constraints for table `promotion_item`
--
ALTER TABLE `promotion_item`
  ADD CONSTRAINT `fk_promotion_I` FOREIGN KEY (`promotion_id`) REFERENCES `promotion` (`promotion_id`) ON DELETE CASCADE ON UPDATE CASCADE;

--
-- Constraints for table `raw_material`
--
ALTER TABLE `raw_material`
  ADD CONSTRAINT `fk_category` FOREIGN KEY (`category_id`) REFERENCES `catagory` (`category_id`),
  ADD CONSTRAINT `fk_warehouse` FOREIGN KEY (`warehouse_id`) REFERENCES `warehouse` (`warehouse_id`);

--
-- Constraints for table `receipt`
--
ALTER TABLE `receipt`
  ADD CONSTRAINT `fk_payment_verification` FOREIGN KEY (`payment_verification_id`) REFERENCES `payment_verificatio` (`payment_verification_id`);

--
-- Constraints for table `reservation`
--
ALTER TABLE `reservation`
  ADD CONSTRAINT `fk_table_availability` FOREIGN KEY (`availability_id`) REFERENCES `table_availability` (`availability_id`);

--
-- Constraints for table `review`
--
ALTER TABLE `review`
  ADD CONSTRAINT `fk_receipt` FOREIGN KEY (`receipt_id`) REFERENCES `receipt` (`receipt_id`),
  ADD CONSTRAINT `fk_tag_clean` FOREIGN KEY (`tag_clean_id`) REFERENCES `tag_clean` (`tag_clean_id`) ON DELETE CASCADE ON UPDATE CASCADE,
  ADD CONSTRAINT `fk_tag_food` FOREIGN KEY (`tag_food_id`) REFERENCES `tag_food` (`tag_food_id`) ON DELETE CASCADE ON UPDATE CASCADE,
  ADD CONSTRAINT `fk_tag_other` FOREIGN KEY (`tag_other_id`) REFERENCES `tag_other` (`tag_other_id`) ON DELETE CASCADE ON UPDATE CASCADE,
  ADD CONSTRAINT `fk_tag_price` FOREIGN KEY (`tag_price_id`) REFERENCES `tag_price` (`tag_price_id`) ON DELETE CASCADE ON UPDATE CASCADE,
  ADD CONSTRAINT `fk_tag_service` FOREIGN KEY (`tag_service_id`) REFERENCES `tag_service` (`tag_service_id`) ON DELETE CASCADE ON UPDATE CASCADE;

--
-- Constraints for table `supplier`
--
ALTER TABLE `supplier`
  ADD CONSTRAINT `fk_catagory` FOREIGN KEY (`catagory_id`) REFERENCES `catagory` (`category_id`);

--
-- Constraints for table `table`
--
ALTER TABLE `table`
  ADD CONSTRAINT `fk_table_type_id` FOREIGN KEY (`table_type_id`) REFERENCES `table_type` (`table_type_id`);

--
-- Constraints for table `table_availability`
--
ALTER TABLE `table_availability`
  ADD CONSTRAINT `fk_table_id` FOREIGN KEY (`table_id`) REFERENCES `table` (`table_id`);

--
-- Constraints for table `walkin`
--
ALTER TABLE `walkin`
  ADD CONSTRAINT `fk_package_W` FOREIGN KEY (`package_id`) REFERENCES `package` (`package_id`) ON DELETE CASCADE ON UPDATE CASCADE,
  ADD CONSTRAINT `fk_promotion_W` FOREIGN KEY (`promotion_id`) REFERENCES `promotion_item` (`promotion_item_id`) ON DELETE CASCADE ON UPDATE CASCADE,
  ADD CONSTRAINT `fk_table_W` FOREIGN KEY (`availability_id`) REFERENCES `table_availability` (`availability_id`) ON DELETE CASCADE ON UPDATE CASCADE;
COMMIT;

/*!40101 SET CHARACTER_SET_CLIENT=@OLD_CHARACTER_SET_CLIENT */;
/*!40101 SET CHARACTER_SET_RESULTS=@OLD_CHARACTER_SET_RESULTS */;
/*!40101 SET COLLATION_CONNECTION=@OLD_COLLATION_CONNECTION */;
